dongle_id,route_id
0000000000000000,00000000-00000000
0099bdb24d82951b,00000082--28c07653d2
0099bdb24d82951b,0000024a--ebd851e7d5
00e5e26644f0f460,00000003--257730d24c
00e5e26644f0f460,000000f6--bc6ed98a91
01d0cc62a37a1155,00000023--6726e3cbd0
01d4ba35f8288743,2023-04-10--19-28-33
0337a448a3d8e755,00000002--f4186947a3
0337a448a3d8e755,00000003--c07bfde1ab
0337a448a3d8e755,000006db--5395bd5529
0337a448a3d8e755,000006dd--8aa3f03cdc
03384dacc4f21604,0000001a--fb14774344
03384dacc4f21604,00000028--50cbe84148
03384dacc4f21604,0000002e--2c2da41a57
03384dacc4f21604,00000033--af4a8e037f
03384dacc4f21604,00000035--9a8df0f002
064d1816e448f8eb,00000003--aff96a8313
064d1816e448f8eb,00000014--34a75959ae
064d1816e448f8eb,2022-09-29--07-53-07
064d1816e448f8eb,2024-02-26--08-34-21
064d1816e448f8eb,2024-02-26--17-20-15
064d1816e448f8eb,2024-02-27--16-51-11
06d2b4f33202cc03,00000010--e2b7c3cf3b
06d2b4f33202cc03,00000123--0b6b78b33d
06d2b4f33202cc03,00000315--e0c93ff252
071ba9916a1da2fa,2022-02-26--16-48-52
073c50e0ae1be7c8,00000000--2ea8abf1fe
073c50e0ae1be7c8,00000016--27468a3dfb
073c50e0ae1be7c8,00000025--0be552232d
073c50e0ae1be7c8,00000051--e04916c969
075b133b6181e058,000004bd--901ee87e0f
075b133b6181e058,000004c0--78125599a3
07a48901db7b2503,0000000f--697d5906e8
07a48901db7b2503,00000011--1a29877aab
07a48901db7b2503,00000041--799bc3f057
07a48901db7b2503,00000085--9499dc3930
07a48901db7b2503,000000dc--fab320f4f6
07a48901db7b2503,00000117--3b70ade421
07a48901db7b2503,00000120--61e84357a2
07a48901db7b2503,00000127--6d2d24bb0e
07a48901db7b2503,0000012d--61aba9f832
07a48901db7b2503,00000175--4192e980ac
07a48901db7b2503,000001a1--ad07872c4f
07a48901db7b2503,000001df--e8082ce275
08c1f1c535fe69f7,00000011--d1d7090073
09136c309ba9461d,00000014--c51b527b5e
094c6f8407cc3c85,00000228--4639aa8b53
09559f1fcaed4704,2022-12-27--07-17-55
09559f1fcaed4704,2023-08-17--19-50-24
09559f1fcaed4704,2023-08-30--17-02-39
09559f1fcaed4704,2023-12-21--18-17-36
0a7a1e3d3dc09b9d,00000076--38499aceab
0b17985326a570c4,2023-01-24--13-54-22
0b3cfa082cbbe54e,00000000--ad00d0bf64
0b3cfa082cbbe54e,00000001--11d7f13090
0b3cfa082cbbe54e,00000002--9a41a91161
0b3cfa082cbbe54e,00000002--acd7ae0ea4
0b3cfa082cbbe54e,00000002--bd286bb7cd
0b3cfa082cbbe54e,00000003--069cc09c00
0b3cfa082cbbe54e,00000003--525ac5881f
0b3cfa082cbbe54e,00000003--5ba4d84a54
0b3cfa082cbbe54e,00000003--6001c1f965
0b3cfa082cbbe54e,00000004--73c307ec0a
0b3cfa082cbbe54e,00000006--138313f050
0b3cfa082cbbe54e,00000008--cfbc376c13
0b3cfa082cbbe54e,00000009--381bbc8204
0b3cfa082cbbe54e,0000000a--06af41833b
0b3cfa082cbbe54e,0000000b--a6ad46b096
0b3cfa082cbbe54e,0000000c--5218004ec8
0b3cfa082cbbe54e,0000000d--3596fa5211
0bbe367c98fa1538,00000001--1c0d7ae2e4
0bbe367c98fa1538,00000003--46f1ac64b0
0bbe367c98fa1538,00000004--4c5cc60eb1
0bbe367c98fa1538,2024-02-03--15-02-21
0bbe367c98fa1538,2024-02-03--16-26-36
0bbe367c98fa1538,2024-02-19--06-44-48
0bbe367c98fa1538,2024-02-22--03-54-56
0bbe367c98fa1538,2024-02-23--15-15-49
0bbe367c98fa1538,2024-02-23--16-32-03
0bbe367c98fa1538,2024-02-23--17-31-02
0bbe367c98fa1538,2024-02-23--20-41-41
0bbe367c98fa1538,2024-03-05--10-51-30
0bbe367c98fa1538,2024-03-07--14-01-15
0bbe367c98fa1538,2024-03-18--18-28-18
0d798915363d7aa8,00000001--64c5bbc713
0d798915363d7aa8,00000002--5a54264d22
0d798915363d7aa8,00000003--dcfc698fc2
0d798915363d7aa8,00000005--c1a67660ac
0d798915363d7aa8,00000007--b961d713a8
0d798915363d7aa8,0000000c--45ff8f80dd
0d798915363d7aa8,0000000f--8e9380d748
0d798915363d7aa8,00000018--86d928627f
0d798915363d7aa8,00000019--11dd40333d
0d798915363d7aa8,0000001a--43f0d10287
0d798915363d7aa8,00000024--fea4e325f7
0d798915363d7aa8,00000028--04731c8f4b
0d798915363d7aa8,00000029--e2e434cfff
0d798915363d7aa8,0000002a--4bcfdcfb76
0d798915363d7aa8,00000035--94184fa344
0d798915363d7aa8,2023-12-09--08-53-49
0d798915363d7aa8,2023-12-11--10-22-38
0d79d2c92f4da0eb,2023-08-28--15-07-16
0d79d2c92f4da0eb,2023-08-29--14-50-42
0d79d2c92f4da0eb,2023-08-29--16-50-18
0d79d2c92f4da0eb,2023-08-30--22-40-46
0d79d2c92f4da0eb,2023-09-05--14-49-55
0d965213ab7ceffa,0000000f--5a9b5df132
0d965213ab7ceffa,00000091--2a741dc80d
0d965213ab7ceffa,00000469--56e81bd2a8
0d965213ab7ceffa,2024-03-02--15-24-16
0def4a390f6fe5c0,2023-02-15--18-42-22
0def4a390f6fe5c0,2023-02-24--17-17-35
0def4a390f6fe5c0,2023-02-26--14-48-59
0def4a390f6fe5c0,2023-09-06--20-35-36
0f53129ed44f6920,00000013--6585bf896d
0f53129ed44f6920,00000033--6e68010971
0f53129ed44f6920,00000049--a89e8c8360
0f53129ed44f6920,00000079--0e4612f88f
0f53129ed44f6920,0000010e--219d22316f
0f53129ed44f6920,000001dd--3fcd6b3e3e
0f53129ed44f6920,0000020d--79280c5104
0f53129ed44f6920,00000216--3641774a03
0f53129ed44f6920,00000232--d2d8194a38
0f53129ed44f6920,00000364--06bd3ef840
0f53129ed44f6920,00000505--c240e0920d
0f53129ed44f6920,0000050b--ddc06d0232
0f65bad23b2fd968,2023-12-13--19-30-50
0f65bad23b2fd968,2024-01-02--15-46-56
0f65bad23b2fd968,2024-02-29--15-24-57
104476006639c365,00000000--ff3ac12c0c
104476006639c365,00000001--92e28cb21b
104476006639c365,00000007--2d3fc90928
104476006639c365,00000008--b29647a6ed
104476006639c365,00000015--98ea135f05
112e4d6e0cad05e1,2023-11-14--08-21-43
112e4d6e0cad05e1,2023-12-18--17-13-16
112e4d6e0cad05e1,2024-01-04--17-54-49
112e4d6e0cad05e1,2024-01-11--15-20-56
112e4d6e0cad05e1,2024-02-14--02-24-52
112e4d6e0cad05e1,2024-02-14--12-05-41
112e4d6e0cad05e1,2024-03-11--09-26-57
112e4d6e0cad05e1,2024-03-11--18-23-41
14983ed2130a4e8e,00000190--5e23635546
14983ed2130a4e8e,000001aa--24cd2fd011
14983ed2130a4e8e,00000654--c14aa39b0e
14983ed2130a4e8e,00000689--5138e0f59c
149d6f706527cfe1,00000015--21b82f7936
149d6f706527cfe1,0000001a--cb3ea93c93
149d6f706527cfe1,00000049--7c2c5c0ed7
149d6f706527cfe1,00000063--16e91a9883
149d6f706527cfe1,00000075--286679eb0c
149d6f706527cfe1,0000007c--f7f440a540
149d6f706527cfe1,000000af--6e23245458
149d6f706527cfe1,000000b0--23b0a91331
149d6f706527cfe1,000000b8--5e084033ef
149d6f706527cfe1,00000117--16457f8e34
149d6f706527cfe1,0000011e--44bdea4c5f
149d6f706527cfe1,0000011f--a21a945705
149d6f706527cfe1,00000120--49a97fac28
149d6f706527cfe1,00000122--abd2793df5
149d6f706527cfe1,0000013a--db7cd9db08
149d6f706527cfe1,0000014e--7d04267792
149d6f706527cfe1,2024-01-31--18-07-35
149d6f706527cfe1,2024-02-17--19-55-57
149d6f706527cfe1,2024-02-17--20-35-08
149d6f706527cfe1,2024-02-24--00-19-34
149d6f706527cfe1,2024-02-27--14-48-14
14e827adb9048392,00000143--45819f27e7
178ba560c7b224e0,00000017--c97d9aa74f
1a659bbcb3d24b75,00000005--fac0c128c2
1a659bbcb3d24b75,000000b0--9131b9899d
1a659bbcb3d24b75,00000124--374d883bb6
1a659bbcb3d24b75,00000140--e7e6450224
1a659bbcb3d24b75,00000179--f402aa96b7
1ada25c684c79c9f,0000056e--63a07a11f0
1c5bce9ae79fdd50,00000074--998fc5ce20
1c5bce9ae79fdd50,00000075--13216de4da
1c838f873b4165bb,00000002--df3ef1a009
1c838f873b4165bb,00000008--2db61ffba7
1c838f873b4165bb,00000035--fa8bf6aa14
1ce1b50dd82993a1,00000002--6a1867b9cc
1ce1b50dd82993a1,00000002--9be3dcb3df
1ce1b50dd82993a1,0000001b--54e1f53f9e
1ce1b50dd82993a1,00000020--62c2e673e3
1ce1b50dd82993a1,00000021--0b7e5e44ae
1ce1b50dd82993a1,00000026--3f59b9c86d
1ce1b50dd82993a1,0000002f--caa296250b
1ce1b50dd82993a1,00000034--49f80df6ea
1ce1b50dd82993a1,0000003d--61ac015c99
1ce1b50dd82993a1,00000042--14a3504460
1ce1b50dd82993a1,00000049--88971a0d3b
1ce1b50dd82993a1,0000004e--0c8860367f
1ce1b50dd82993a1,00000058--1539d58746
1ce1b50dd82993a1,0000006c--c81721bb20
1ce1b50dd82993a1,0000006e--e508142b1d
1ce1b50dd82993a1,0000007a--98b4c70a48
1ce1b50dd82993a1,000000f4--ec9e02edb6
1ce1b50dd82993a1,0000010a--3fb9d8b7d7
1ce1b50dd82993a1,00000116--b9ea2cb4c4
1ce1b50dd82993a1,00000119--1d52c6f88e
1ce1b50dd82993a1,00000129--0eaa937e55
1ce1b50dd82993a1,0000012c--a7f701714f
1d3dc3e03047b0c7,000000cf--71260bfe89
1d3dc3e03047b0c7,000000d0--36a421cbfa
1d3dc3e03047b0c7,000000d2--22576116b6
1d3dc3e03047b0c7,000000d4--529d0a2f8b
1d3dc3e03047b0c7,000000d8--62be50c081
1d3dc3e03047b0c7,000000db--f3c1490349
1d3dc3e03047b0c7,000000dc--64a114e596
1d3dc3e03047b0c7,000000dd--455f14369d
1d3dc3e03047b0c7,2023-07-27--13-01-19
1d5211a9795b6ec2,000000ff--c9b3e4114c
1d5211a9795b6ec2,00000152--97f25c358a
1d5211a9795b6ec2,00000158--6df58e54d5
1e4baee1aa2687a0,00000000--3f8e4dbe77
1e4baee1aa2687a0,00000001--74c4cc0b23
1e4baee1aa2687a0,00000001--b7a95f7797
1e4baee1aa2687a0,2023-04-11--11-42-42
1e4baee1aa2687a0,2023-04-12--15-23-28
1e4baee1aa2687a0,2023-07-22--03-05-42
1e4baee1aa2687a0,2025-06-08--09-17-52
20cb801701fc8237,0000002b--160ea66fef
20cb801701fc8237,0000002b--e2058c47ed
20cb801701fc8237,2022-05-06--17-29-57
20cb801701fc8237,2023-03-27--17-54-28
20cb801701fc8237,2023-07-11--20-36-16
20fb26f6fc25dd48,00000058--d61e8f4236
20fb26f6fc25dd48,00000099--6396d2013e
2176942862b1f0ce,000000aa--471952b89e
2176942862b1f0ce,000000bc--caf24ea806
2176942862b1f0ce,000000d6--068c9d3a36
2176942862b1f0ce,000000dc--e453b4686c
2176942862b1f0ce,000000de--75a2d81b15
2176942862b1f0ce,0000016f--b8090ad1f4
2176942862b1f0ce,00000170--89b23d666d
21dc35ba8df586fb,2021-08-30--18-31-40
21dc35ba8df586fb,2021-09-08--21-23-25
22a161e4a4856816,00000000--42657624ea
22a161e4a4856816,00000079--65287eb819
22a161e4a4856816,0000007a--b4a73df715
22b68f093ddc1833,2022-11-23--12-57-37
22b68f093ddc1833,2023-03-09--10-58-24
22b68f093ddc1833,2023-03-26--02-04-27
23ab5267243bdaab,00000002--5e46491bb5
23ab5267243bdaab,00000002--dce62afdd3
23ab5267243bdaab,00000003--d3dd8b284a
23ab5267243bdaab,00000004--cbb644d8bd
23ab5267243bdaab,00000005--63a72cc866
23ab5267243bdaab,00000006--b46942fb0e
23ab5267243bdaab,00000009--8e45cad59a
23ab5267243bdaab,00000009--94bb453c58
23ab5267243bdaab,0000000a--58addc9472
23ab5267243bdaab,0000000c--21d2879028
23ab5267243bdaab,0000000d--1d4193faea
23ab5267243bdaab,0000000e--8a12d2ed6a
23ab5267243bdaab,00000011--b3645fbe21
23ab5267243bdaab,00000012--13fdedb26e
23ab5267243bdaab,0000001a--5a363d286a
23ab5267243bdaab,0000001c--cbac66590c
23ab5267243bdaab,0000001f--198a08afae
23ab5267243bdaab,0000001f--faabb77668
23ab5267243bdaab,00000027--3b953311eb
23ab5267243bdaab,00000028--a5d14f9a3b
23ab5267243bdaab,00000028--c6239dedc8
23ab5267243bdaab,00000029--e0a1e36d77
23ab5267243bdaab,0000002c--9964d9f1c4
23ab5267243bdaab,0000002e--83ed36a592
23ab5267243bdaab,00000030--c44296277e
23ab5267243bdaab,00000031--83f2b3ab6d
23ab5267243bdaab,00000034--a8e057ab2e
23ab5267243bdaab,00000036--30baac6310
23ab5267243bdaab,0000003c--cb65b0dfd9
23ab5267243bdaab,0000003f--3db62af98c
23ab5267243bdaab,00000044--d626850bde
23ab5267243bdaab,0000004c--2c0f5feadd
23ab5267243bdaab,00000087--8d1eea8870
23ab5267243bdaab,0000008a--e44aec5d11
23ab5267243bdaab,00000099--2acffe0847
24574459dd7fb3e0,2024-02-15--22-18-34
24574459dd7fb3e0,2024-02-18--14-16-48
24574459dd7fb3e0,2024-02-20--19-55-22
24574459dd7fb3e0,2024-02-21--15-36-45
24574459dd7fb3e0,2024-02-22--10-05-45
24574459dd7fb3e0,2024-02-22--13-08-18
24574459dd7fb3e0,2024-02-23--11-27-44
24574459dd7fb3e0,2024-02-24--09-53-55
24574459dd7fb3e0,2024-02-24--13-58-20
24574459dd7fb3e0,2024-02-24--15-13-13
24574459dd7fb3e0,2024-02-25--08-55-19
24574459dd7fb3e0,2024-02-25--15-41-04
24574459dd7fb3e0,2024-02-25--17-17-42
24574459dd7fb3e0,2024-02-26--12-42-39
24574459dd7fb3e0,2024-02-26--16-43-16
24574459dd7fb3e0,2024-02-27--12-29-07
24574459dd7fb3e0,2024-02-27--13-42-47
24574459dd7fb3e0,2024-02-29--15-01-50
24574459dd7fb3e0,2024-02-29--21-05-10
24574459dd7fb3e0,2024-03-02--22-05-06
24574459dd7fb3e0,2024-03-03--08-15-05
24574459dd7fb3e0,2024-03-03--08-26-07
24574459dd7fb3e0,2024-03-03--16-24-16
24574459dd7fb3e0,2024-03-14--18-45-31
24574459dd7fb3e0,2024-03-21--09-07-50
24574459dd7fb3e0,2024-03-24--09-36-15
24574459dd7fb3e0,2024-03-29--13-06-05
24574459dd7fb3e0,2024-03-30--14-53-24
24574459dd7fb3e0,2024-04-01--11-14-25
24574459dd7fb3e0,2024-04-02--22-29-21
24574459dd7fb3e0,2024-04-05--17-37-41
24574459dd7fb3e0,2024-04-06--15-46-58
24574459dd7fb3e0,2024-04-07--15-06-32
24574459dd7fb3e0,2024-04-12--14-17-59
24574459dd7fb3e0,2024-04-13--10-55-26
24574459dd7fb3e0,2024-04-13--11-04-14
24574459dd7fb3e0,2024-04-13--13-22-30
24574459dd7fb3e0,2024-04-13--16-04-15
24574459dd7fb3e0,2024-04-13--19-34-08
24574459dd7fb3e0,2024-04-18--11-46-32
24574459dd7fb3e0,2024-04-24--18-44-00
24574459dd7fb3e0,2024-04-27--15-28-01
24574459dd7fb3e0,2024-04-27--19-51-13
24574459dd7fb3e0,2024-05-10--04-11-30
24574459dd7fb3e0,2024-05-12--16-29-43
24574459dd7fb3e0,2024-05-14--14-19-31
24574459dd7fb3e0,2024-05-14--21-32-27
24574459dd7fb3e0,2024-05-16--08-04-12
24574459dd7fb3e0,2024-05-17--17-40-00
24574459dd7fb3e0,2024-05-18--10-42-23
24574459dd7fb3e0,2024-05-19--14-25-32
24574459dd7fb3e0,2024-05-19--16-12-41
24574459dd7fb3e0,2024-05-19--16-57-34
24574459dd7fb3e0,2024-05-20--11-24-02
2475d5eaa0bba7bc,00000000--516b0149ca
24e2d0b3bac6dc61,00000006--441c4a3c5c
26a38e4bf36bb74a,2023-11-01--16-02-13
26a38e4bf36bb74a,2023-11-15--11-24-18
26a38e4bf36bb74a,2023-11-16--12-33-35
26a38e4bf36bb74a,2024-01-16--17-30-07
26a38e4bf36bb74a,2024-02-18--18-41-56
2833de0636d26d55,2022-10-28--20-59-00
2833de0636d26d55,2022-10-31--11-20-48
2833de0636d26d55,2022-11-05--11-48-30
2833de0636d26d55,2022-11-10--19-43-32
28abc81f84aa4341,00000001--8a614d78fd
28abc81f84aa4341,00000003--0bf001ade0
28abc81f84aa4341,00000007--edb0c1c08f
290dd7369928ea2e,00000000--0e87cc41a8
290dd7369928ea2e,00000002--fa73936cee
290dd7369928ea2e,00000004--35a3cf0acd
290dd7369928ea2e,00000006--73dbb90d25
290dd7369928ea2e,0000000d--69ad3afaa9
290dd7369928ea2e,0000000e--ee6bfde35d
290dd7369928ea2e,00000016--4c7ca64c00
290dd7369928ea2e,0000001a--f52d8191e8
290dd7369928ea2e,00000046--9c94919ca9
29e4d80dc9a37da5,2024-02-08--16-01-13
29e4d80dc9a37da5,2024-02-22--17-07-52
2bbe12792a30f61f,000001c1--1d6982f192
2bbe12792a30f61f,000001c8--c2c44bb16e
2bbe12792a30f61f,000001fe--ba6b7db7ba
2bbe12792a30f61f,2023-12-28--12-53-06
2bfcfe373379cd18,00000013--a3d486e1ce
2bfcfe373379cd18,00000021--e09b4de658
2c18eca0a4c5dc0f,0000001b--7a1a1e39e2
2c18eca0a4c5dc0f,00000039--3a969e520e
2ca6ddca079e582a,2023-03-03--19-48-10
2ca6ddca079e582a,2024-01-19--12-48-38
2d2da5dea63b5c5e,00000000--1750c8af2a
2d2da5dea63b5c5e,00000000--27cbcebec1
2d2da5dea63b5c5e,00000000--474b164f66
2d2da5dea63b5c5e,00000000--a44ac2e476
2d2da5dea63b5c5e,00000000--cc96ff2d40
2d2da5dea63b5c5e,00000000--e95dc9ec6d
2d2da5dea63b5c5e,00000000--f4f54c0e0f
2d2da5dea63b5c5e,00000001--09df2a4d41
2d2da5dea63b5c5e,00000001--3eb28fd793
2d2da5dea63b5c5e,00000001--77d4c1116a
2d2da5dea63b5c5e,00000001--a8e9997fd2
2d2da5dea63b5c5e,00000001--f0329c7c2c
2d2da5dea63b5c5e,00000002--1420822e10
2d2da5dea63b5c5e,00000002--269eeb4ea2
2d2da5dea63b5c5e,00000002--3303183a45
2d2da5dea63b5c5e,00000002--35fdef7fc0
2d2da5dea63b5c5e,00000002--384ab663cc
2d2da5dea63b5c5e,00000002--c10362fd0a
2d2da5dea63b5c5e,00000003--300c74f7ad
2d2da5dea63b5c5e,00000003--61fabb9b0a
2d2da5dea63b5c5e,00000004--5becebbcc7
2d2da5dea63b5c5e,00000004--99222d82dc
2d2da5dea63b5c5e,00000005--8be1d9b70c
2d2da5dea63b5c5e,00000006--9b39abf5a7
2d2da5dea63b5c5e,00000006--a1cae48c6b
2d2da5dea63b5c5e,00000007--09409ce815
2d2da5dea63b5c5e,00000007--854067b588
2d2da5dea63b5c5e,00000008--bc1e7ed649
2d2da5dea63b5c5e,0000000a--b8ad075297
2d2da5dea63b5c5e,0000000d--4ff9845fca
2d2da5dea63b5c5e,0000000f--a5f178fa78
2d2da5dea63b5c5e,00000012--09eb8ed87b
2d2da5dea63b5c5e,00000012--f8944249fa
2d2da5dea63b5c5e,00000013--93eb3a77a9
2d2da5dea63b5c5e,00000015--7cd3728259
2d2da5dea63b5c5e,00000016--23e56c9e52
2d2da5dea63b5c5e,00000016--8ca4197bd4
2d2da5dea63b5c5e,00000019--6adfc0648c
2d2da5dea63b5c5e,00000019--b24c4a474c
2d2da5dea63b5c5e,00000019--c1d3aea24c
2d2da5dea63b5c5e,0000001a--5fc86054f6
2d2da5dea63b5c5e,0000001a--635b8d215f
2d2da5dea63b5c5e,0000001b--8a56e6d4c8
2d2da5dea63b5c5e,0000001b--c3f518a8c9
2d2da5dea63b5c5e,0000001b--f5062b55ef
2d2da5dea63b5c5e,0000001d--5c143fd257
2d2da5dea63b5c5e,0000001d--fb284bd476
2d2da5dea63b5c5e,0000001e--d2ead0fa06
2d2da5dea63b5c5e,00000020--70f5f6d770
2d2da5dea63b5c5e,00000020--723bb73c9a
2d2da5dea63b5c5e,00000021--06de28fa93
2d2da5dea63b5c5e,00000023--3f67e14ce5
2d2da5dea63b5c5e,00000023--60156652d2
2d2da5dea63b5c5e,00000024--63da6476bf
2d2da5dea63b5c5e,00000025--aa0fead3bb
2d2da5dea63b5c5e,00000027--b50a205b96
2d2da5dea63b5c5e,00000029--3522fd0cce
2d2da5dea63b5c5e,0000002a--c7ece2fa9c
2d2da5dea63b5c5e,0000002b--26db421d46
2d2da5dea63b5c5e,0000002b--3d8bd2ca87
2d2da5dea63b5c5e,0000002c--1e34fc8057
2d2da5dea63b5c5e,0000002f--998f3cebea
2d2da5dea63b5c5e,0000002f--99a5267917
2d2da5dea63b5c5e,0000002f--b53499c114
2d2da5dea63b5c5e,00000033--8ac2b4ba54
2d2da5dea63b5c5e,00000033--ee8f97ad54
2d2da5dea63b5c5e,00000035--2b3eb3b0fa
2d2da5dea63b5c5e,00000035--77c8d27fbf
2d2da5dea63b5c5e,00000036--b18bbf4a64
2d2da5dea63b5c5e,00000037--8b8f4410cd
2d2da5dea63b5c5e,00000037--d7a03569fd
2d2da5dea63b5c5e,00000038--790ad20bf5
2d2da5dea63b5c5e,0000003a--3e830965ee
2d2da5dea63b5c5e,0000003b--684d875cca
2d2da5dea63b5c5e,0000003e--2b03ffb446
2d2da5dea63b5c5e,00000040--94d06bad76
2d2da5dea63b5c5e,00000042--36401ee693
2d2da5dea63b5c5e,00000042--940b4a716f
2d2da5dea63b5c5e,0000004a--972711401f
2d2da5dea63b5c5e,0000004a--9e7590c1f1
2d2da5dea63b5c5e,0000004e--076de029c0
2d2da5dea63b5c5e,0000004e--32a1117fbd
2d2da5dea63b5c5e,00000052--29721a4f89
2d2da5dea63b5c5e,0000005f--d306e1d3a1
2d2da5dea63b5c5e,00000060--64613cd1df
2d2da5dea63b5c5e,00000066--aa57953123
2d2da5dea63b5c5e,0000006a--79937948a4
2d2da5dea63b5c5e,00000072--6dfa3b7411
2d2da5dea63b5c5e,00000077--d276a87545
2d2da5dea63b5c5e,00000081--cfd8aad867
2d2da5dea63b5c5e,00000082--d471d228b1
2d2da5dea63b5c5e,00000094--0d7131d14c
2d33198e4ff0ee67,2024-10-24--17-03-16
2d33198e4ff0ee67,2024-10-24--20-23-36
2dca152cc2325611,0000001d--f482e82c88
2dca152cc2325611,00000045--68aa5ce877
2f50fe31f2f34873,00000022--c8f59ac46b
2f50fe31f2f34873,0000003c--63591c1c06
2f50fe31f2f34873,0000003f--40bac9f0df
2f50fe31f2f34873,00000045--e8319a1553
2f50fe31f2f34873,00000057--4555d7513e
2f94991e30f11c4f,0000000a--d285787bd1
2f94991e30f11c4f,0000000b--c9229cfb99
2f94991e30f11c4f,00000021--3f5cfe6624
2f94991e30f11c4f,0000002d--254848763b
2f94991e30f11c4f,00000042--266dea7072
2f94991e30f11c4f,00000050--2a87587dbf
2f94991e30f11c4f,00000059--5c44aff8db
2f94991e30f11c4f,00000071--28313b47b4
2f94991e30f11c4f,000000b9--589a76955e
2f94991e30f11c4f,0000019a--b5edd3b7ee
2f94991e30f11c4f,000001f8--974eabab03
2fdfcfb945894324,00000017--7a12221f1b
2fdfcfb945894324,00000080--c65af01364
2fdfcfb945894324,0000014c--6bb3946fc3
3140e1c6195c880e,2023-01-07--01-34-53
3140e1c6195c880e,2023-02-15--00-14-51
3140e1c6195c880e,2023-02-15--00-27-38
3140e1c6195c880e,2023-02-16--00-05-59
3140e1c6195c880e,2024-02-03--14-28-40
3140e1c6195c880e,2024-02-24--15-38-58
3140e1c6195c880e,2024-02-24--21-34-22
3140e1c6195c880e,2024-04-26--15-45-41
3285d981f61036be,000000a9--4fc7eae4db
3285d981f61036be,00000124--f84cb2c388
329e53fb19040e69,0000000b--5957096219
329e53fb19040e69,00000022--0f9aaa047b
329e53fb19040e69,0000002f--7868e75261
340a720a3c3f4248,000001f6--37ee3d2a9d
3533c53bb29502d1,2019-12-10--01-13-27
35f334fe58c5cdc5,00000001--d8d176b1af
35f334fe58c5cdc5,00000002--6261eeae61
35f334fe58c5cdc5,00000004--24d78bdcea
35f334fe58c5cdc5,0000000f--88309f1815
35f334fe58c5cdc5,00000089--c5ed862a40
35f334fe58c5cdc5,00000135--3387a68006
35f334fe58c5cdc5,00000166--bb54a50d35
3615db7d586acbf0,0000001b--88f2aba0d2
3615db7d586acbf0,0000001e--d839036c4c
3615db7d586acbf0,00000038--f90cf4e4a0
3615db7d586acbf0,0000003c--545cadc053
36abd7f7160a9a75,00000039--71f5e3690c
36abd7f7160a9a75,00000054--32bd4ff6e6
36abd7f7160a9a75,00000057--144904c95a
36abd7f7160a9a75,0000005f--5854bad660
36abd7f7160a9a75,2023-06-15--09-30-25
36d4077fdc9dd185,00000007--cffcebcd95
37998aa0fade36ab,00000000--48f927c4f5
37998aa0fade36ab,2024-03-21--20-44-46
37e7dc39075ad342,2023-03-23--16-10-55
37e7dc39075ad342,2023-03-27--07-18-36
37f27727e9056e1c,00000017--976edcae32
37f27727e9056e1c,0000004a--1216dba8d7
3a963712dcb35088,00000001--af99218792
3b68b660a77fd80e,2023-02-21--15-55-20
3b68b660a77fd80e,2023-02-23--15-50-53
3b68b660a77fd80e,2023-02-24--18-24-43
3b7539951d80f3df,00000004--237b05eb46
3c4c9d163c72a81d,00000001--42bdc3d4b1
3c4c9d163c72a81d,00000062--843003ec17
3c4c9d163c72a81d,00000096--5d54efe6ee
3db859b523edc345,00000002--97db5e09ed
3db859b523edc345,00000005--e628693e98
3db859b523edc345,00000009--27991112dc
3f003508fdaa529f,2023-11-02--13-33-56
3f8ae015ce70365f,00000000--5c5085329e
3f8ae015ce70365f,00000002--6e1f6be28d
3f8ae015ce70365f,00000002--75e758301f
3f8ae015ce70365f,00000003--a22590d0e4
3f8ae015ce70365f,00000006--c23d7d1cc6
3f8ae015ce70365f,0000004a--1ce8db671f
3f8ae015ce70365f,000000fe--b691f954c2
3f8ae015ce70365f,00000220--6f00ebfb89
3fef3f1f530d0ff6,00000007--439de70022
40a9c91c6d5bc258,0000002c--bbc564a423
40a9c91c6d5bc258,00000180--2020a81728
41ba5b181f29435d,00000001--e3ae76382f
41f24245bec4f1cb,00000000--286b0f2c0b
41f24245bec4f1cb,00000001--389f31bd65
41f24245bec4f1cb,00000001--d859130033
41f24245bec4f1cb,00000002--56998d0b04
41f24245bec4f1cb,00000002--60ab6f8def
41f24245bec4f1cb,00000003--a656d047f0
41f24245bec4f1cb,00000004--b33e0e011a
41f24245bec4f1cb,00000005--482c6114a5
41f24245bec4f1cb,00000005--d78f55d127
41f24245bec4f1cb,00000009--f6ad8b6f1a
41f24245bec4f1cb,0000000b--bbf21222a3
41f24245bec4f1cb,00000011--852263eb89
41f24245bec4f1cb,00000013--323167f71d
41f24245bec4f1cb,00000013--714703dab8
41f24245bec4f1cb,00000016--43433b6ab7
41f24245bec4f1cb,00000024--568c48c22e
41f24245bec4f1cb,0000002a--2df9fbca7e
41f24245bec4f1cb,00000033--632254c0f1
41f24245bec4f1cb,00000035--ce63164ceb
41f24245bec4f1cb,00000037--1b06f1d1ea
41f24245bec4f1cb,00000038--72c2ff26f8
41f24245bec4f1cb,00000038--afa7387db8
41f24245bec4f1cb,0000003a--6e7555499b
41f24245bec4f1cb,0000003d--24f7c4d073
41f24245bec4f1cb,00000051--6cb1c195e6
41f24245bec4f1cb,00000053--aeec55f5e6
41f24245bec4f1cb,00000054--cf073448e3
41f24245bec4f1cb,00000055--3f20d41459
41f24245bec4f1cb,00000058--41027648ba
41f24245bec4f1cb,00000059--ef23a94827
41f24245bec4f1cb,0000005c--a2f205faff
41f24245bec4f1cb,0000006a--71a07b46d8
41f24245bec4f1cb,000000d6--ccf8316873
42377efeb0c87ed5,00000004--8e2a9222ad
42377efeb0c87ed5,0000001b--447411e4d8
424b2a6c1b69a3bc,0000008e--97a41a1877
424b2a6c1b69a3bc,000000b6--d873700038
424b2a6c1b69a3bc,000000ea--1f70fb27a5
4267ea8a353cdb36,00000262--8a427003c7
428412ad82894ba3,0000000a--dae39c2c35
428412ad82894ba3,00000040--6ea91f379f
428412ad82894ba3,0000017b--d2ea4226c0
428412ad82894ba3,2023-12-08--09-29-20
428412ad82894ba3,2023-12-09--17-01-47
428412ad82894ba3,2023-12-17--17-23-36
428412ad82894ba3,2023-12-30--13-15-10
43e0d1e30e06a390,0000000c--e6caf1db24
4440a486580ed7c6,00000000--68e9eeba90
4440a486580ed7c6,00000001--50c86d2352
4440a486580ed7c6,00000002--2639d9361c
4440a486580ed7c6,00000003--8d01093d70
4440a486580ed7c6,00000006--2446ed2ff1
4440a486580ed7c6,00000006--8590003b94
4440a486580ed7c6,00000006--a51389fa7f
4440a486580ed7c6,00000007--1a755ab14a
4440a486580ed7c6,0000000b--04833e0091
4440a486580ed7c6,0000000c--5599cad5c2
4440a486580ed7c6,0000000c--7c2b56cf0c
4440a486580ed7c6,0000000e--21cfe343e6
4440a486580ed7c6,0000000f--82c1192fa9
4440a486580ed7c6,00000010--be48646e3d
4440a486580ed7c6,00000010--f0959cf9f0
4440a486580ed7c6,00000013--2c06b022cf
4440a486580ed7c6,00000013--70269ad98b
4440a486580ed7c6,00000016--6f4f5d1650
4440a486580ed7c6,00000018--04682f6112
4440a486580ed7c6,00000018--12ae73da81
4440a486580ed7c6,00000019--8f6a7b2fe1
4440a486580ed7c6,0000001b--2f06f50a76
4440a486580ed7c6,0000001c--3220c13341
4440a486580ed7c6,00000022--e8fc06e1c2
4440a486580ed7c6,00000025--3ba08982ef
4440a486580ed7c6,00000029--b6f233e572
4440a486580ed7c6,0000002a--0f55241522
4440a486580ed7c6,00000035--d2fb8a7684
4440a486580ed7c6,00000038--0980feaf2f
4440a486580ed7c6,0000003b--5713a177eb
4440a486580ed7c6,0000003d--cf6630e353
4440a486580ed7c6,00000042--395ca64895
4440a486580ed7c6,0000004c--c519377767
4440a486580ed7c6,0000004f--c91d759176
4440a486580ed7c6,00000054--731d37c84b
4440a486580ed7c6,00000055--71523639ad
4440a486580ed7c6,0000005d--390659995b
4440a486580ed7c6,00000066--a8919f09dc
4440a486580ed7c6,0000006b--9286401529
4440a486580ed7c6,0000006e--31119574e4
4440a486580ed7c6,00000080--aefffe31ec
45c39d77edb27ccc,00000003--b26830cdec
45c39d77edb27ccc,00000029--af711db6fa
46cdc864ec865f4b,00000001--0e521b45e5
46cdc864ec865f4b,00000006--97d13359e9
46cdc864ec865f4b,00000007--4383be0e43
46cdc864ec865f4b,00000024--56c427eff3
46cdc864ec865f4b,2024-04-03--17-25-34
46cdc864ec865f4b,2024-04-13--15-06-44
46e8fc71a2f4298d,0000038b--450f50e74a
4765fbbf59e3cd88,2024-02-06--17-45-32
481f55600340bebb,00000004--e32a3149e1
4929395ec04d1060,2023-03-29--19-05-00
49734429dda9bbe7,00000000--3324219164
49734429dda9bbe7,0000002e--8033e36f22
49734429dda9bbe7,0000005a--8b5862d249
49734429dda9bbe7,0000006f--62785c2e41
49734429dda9bbe7,0000009d--2805e626d9
49734429dda9bbe7,0000014c--27762ee0c3
49dd873dd1964eb1,00000019--1ea794e69b
49e041422a032273,00000030--a5809935b7
49e041422a032273,0000003d--b00138373e
49e041422a032273,00000040--7eb4e97718
4a71ea383083bc6f,2022-09-04--10-57-19
4a824aa67cbfcd85,00000012--6672ca6b12
4a824aa67cbfcd85,00000017--838fc55926
4a824aa67cbfcd85,0000001c--e45fa436f1
4a824aa67cbfcd85,0000043f--265f4e30a1
4a975fc1d9e71801,00000005--50d176008a
4a975fc1d9e71801,000000a2--ca6b3b5216
4b3cbd6038d07ca6,000001df--7b2a1aadfd
4b3cbd6038d07ca6,000001ee--f11ccf6421
4b3cbd6038d07ca6,000001f2--0516dd1715
4b3cbd6038d07ca6,00000208--a4975893ef
4c28b31eb5a4f5de,0000005b--7a15054f11
4c28b31eb5a4f5de,0000005d--10389ea57e
4cf7a6ad03080c90,2021-09-29--13-46-36
4dca8c14d8428b44,0000051a--009476adbc
4dca8c14d8428b44,0000051c--61a7e8a200
4dca8c14d8428b44,0000052d--8cab6185a5
4df2d9d0197e20e3,0000000c--a564a3f944
4df2d9d0197e20e3,0000000e--54aa88db6f
4e1c2f3718946cc1,00000031--73444f3abe
4e1c2f3718946cc1,0000003c--bbe3a901b9
4e1c2f3718946cc1,0000003d--6aff0d1e33
4e1c2f3718946cc1,0000004c--654f518824
4e1c2f3718946cc1,0000004e--1b3efe2349
4e1c2f3718946cc1,00000050--dac1745fe7
4e1c2f3718946cc1,00000056--f3d05d671c
4e1c2f3718946cc1,00000057--fb9fda190c
4e1c2f3718946cc1,00000060--c4710c54d0
4e1c2f3718946cc1,00000061--9393d11fd3
4e1c2f3718946cc1,00000062--e97e3c7467
4e1c2f3718946cc1,0000006e--42bd42b0f7
4e1c2f3718946cc1,0000006f--f85dd1a20c
4e1c2f3718946cc1,00000074--cc16cab9c6
4e1c2f3718946cc1,00000134--37d37dd9a5
4e1c2f3718946cc1,00000135--74ccaa2281
4e1c2f3718946cc1,00000138--6ddd445290
4e1c2f3718946cc1,00000158--4033c1b33f
4e1c2f3718946cc1,0000015c--5e8699c516
4e1c2f3718946cc1,00000176--f4aa1afc52
4e1c2f3718946cc1,00000183--0f0efa1e31
4e1c2f3718946cc1,00000188--a65874cc88
4e1c2f3718946cc1,00000194--3fa6bbfea6
4f1975e02a1a5557,00000000--bef2e6c998
4f1975e02a1a5557,00000001--d37a95a3aa
4fde83db16dc0802,0000000f--5a48f5e155
4fde83db16dc0802,00000017--eafff7a307
4fde83db16dc0802,00000021--a13966e834
4fde83db16dc0802,00000022--66aa010a8d
4fde83db16dc0802,00000026--72939cbaf1
4fde83db16dc0802,00000027--c955bd9621
4fde83db16dc0802,00000033--1bfa3065cf
4fde83db16dc0802,00000033--abeb23c2b5
4fde83db16dc0802,00000044--02f235e091
4fde83db16dc0802,00000046--dcafec5f66
4fde83db16dc0802,00000047--65a0595277
4fde83db16dc0802,00000048--fb5a51df4e
4fde83db16dc0802,00000049--28ee851e55
4fde83db16dc0802,0000004b--300f085b57
4fde83db16dc0802,0000009d--683d65e4dc
4fde83db16dc0802,000000e5--d2e21c9d69
4fde83db16dc0802,2024-01-25--17-41-28
4fde83db16dc0802,2024-01-27--23-58-28
4fde83db16dc0802,2024-02-01--08-06-53
4fde83db16dc0802,2024-02-04--14-43-19
4fde83db16dc0802,2024-02-06--17-02-02
4fde83db16dc0802,2024-02-06--17-39-19
4fde83db16dc0802,2024-02-08--17-40-40
4fde83db16dc0802,2024-02-13--19-43-57
4fde83db16dc0802,2024-02-14--00-33-22
4fde83db16dc0802,2024-02-16--18-11-18
4fde83db16dc0802,2024-02-17--21-23-27
4fde83db16dc0802,2024-02-17--21-30-06
4fde83db16dc0802,2024-02-19--12-45-57
4fde83db16dc0802,2024-02-28--20-17-38
4fde83db16dc0802,2024-03-05--07-51-26
4fde83db16dc0802,2024-03-06--14-10-20
4fde83db16dc0802,2024-03-07--17-00-57
4fde83db16dc0802,2024-03-07--17-24-46
4fde83db16dc0802,2024-03-08--14-09-10
4fde83db16dc0802,2024-03-15--12-53-55
4fde83db16dc0802,2024-03-15--15-40-40
4fde83db16dc0802,2024-03-19--17-38-13
4fde83db16dc0802,2024-03-19--19-17-30
4fde83db16dc0802,2024-03-25--14-57-59
4fde83db16dc0802,2024-03-26--07-57-22
4fde83db16dc0802,2024-03-26--09-14-45
4fde83db16dc0802,2024-03-26--16-02-32
4fde83db16dc0802,2024-03-27--22-26-39
4fde83db16dc0802,2024-03-29--10-19-49
4fde83db16dc0802,2024-03-29--14-22-17
4fde83db16dc0802,2024-03-29--15-06-38
4fde83db16dc0802,2024-03-29--19-16-27
4fde83db16dc0802,2024-04-02--12-00-22
4fde83db16dc0802,2024-04-05--16-00-22
4fde83db16dc0802,2024-04-06--19-07-39
4fde83db16dc0802,2024-04-18--17-05-37
4fde83db16dc0802,2024-04-19--18-01-40
4fe3129b0fc9aed8,2023-07-01--19-55-39
4fe3129b0fc9aed8,2023-07-01--21-01-38
4fe3129b0fc9aed8,2023-07-05--21-32-28
4fe3129b0fc9aed8,2023-08-15--15-26-37
4fe3129b0fc9aed8,2023-08-18--13-12-20
4fe3129b0fc9aed8,2023-09-02--20-00-04
4fe3129b0fc9aed8,2023-10-15--19-26-35
502f70b010fea410,00000021--dbd112a6f2
502f70b010fea410,00000057--47def11e55
50602bef35ac3832,2023-08-26--12-28-02
50602bef35ac3832,2024-01-17--11-33-18
5085c761395d1fe6,000000b5--fd5690059a
5085c761395d1fe6,2023-04-07--18-20-06
5085c761395d1fe6,2023-05-01--02-55-08
5085c761395d1fe6,2023-08-15--13-46-59
5085c761395d1fe6,2023-08-15--22-16-33
5085c761395d1fe6,2023-12-19--23-24-47
5130484aa8069bad,00000008--a365bda6ef
5130484aa8069bad,00000010--c76b9d991a
5130484aa8069bad,00000012--f2f58aca39
5130484aa8069bad,00000013--e85305cd64
5130484aa8069bad,00000014--26d854a52d
5130484aa8069bad,0000003c--dbb1965111
5130484aa8069bad,0000004f--235a0a9d99
5130484aa8069bad,0000007a--4e4000cd3b
5130484aa8069bad,0000007c--3565a5e9ae
5130484aa8069bad,2024-02-12--16-17-58
5130484aa8069bad,2024-03-01--19-39-11
51de0f458a6b973a,00000010--798f6a6eb4
51de0f458a6b973a,00000013--28286a5cf7
51de0f458a6b973a,00000016--47794c6b32
51de0f458a6b973a,00000026--b9dc35186b
51de0f458a6b973a,00000027--63d4520428
51de0f458a6b973a,00000028--b16ba24390
51de0f458a6b973a,00000062--d70f9c0787
51de0f458a6b973a,00000071--42f3dbb77b
51de0f458a6b973a,00000144--a902aac89e
51e260f2c91cb05f,2021-12-16--22-26-36
5255045de19f57a2,0000001b--cea3df70bf
5255045de19f57a2,000000cc--40839fd020
5255045de19f57a2,00000103--fe50c2fc61
5255045de19f57a2,00000105--2a6d8e18fd
5255045de19f57a2,0000014a--37c2205832
5255045de19f57a2,000001ee--b5d8528d77
5255045de19f57a2,000002fc--c03e7a4f30
530075d26cad58e4,00000000--b6010ebfc3
530075d26cad58e4,00000000--d014de6c7b
530075d26cad58e4,00000001--2091941497
530075d26cad58e4,00000001--e2449e1683
530075d26cad58e4,00000002--26cf08a106
530075d26cad58e4,00000004--7e15857b3b
530075d26cad58e4,00000005--330e879da5
530075d26cad58e4,00000005--c7b778dfff
530075d26cad58e4,00000007--0e619784cc
530075d26cad58e4,00000008--28c38665ec
530075d26cad58e4,00000009--7d100094c1
530075d26cad58e4,0000000a--fcea40cf8d
530075d26cad58e4,0000000e--8e73a6a98d
530075d26cad58e4,00000010--d11c834bc2
530075d26cad58e4,00000015--ffccc7f637
530075d26cad58e4,00000016--fef53fbef3
530075d26cad58e4,00000019--7e12a50810
530075d26cad58e4,0000001b--ac20065698
530075d26cad58e4,0000001c--b8f5c27566
530075d26cad58e4,0000001d--7d5c0cc7fe
530075d26cad58e4,00000020--4cd1057c15
530075d26cad58e4,00000021--39bb9a636a
530075d26cad58e4,00000023--f6da89cc18
530075d26cad58e4,00000024--6b3e0ce182
530075d26cad58e4,00000025--d07e16f7ae
530075d26cad58e4,00000026--d445bf039f
530075d26cad58e4,00000027--d02f75af7f
530075d26cad58e4,00000029--ba373a3835
530075d26cad58e4,0000002a--88b393b1f0
530075d26cad58e4,0000002b--f7c5f64421
530075d26cad58e4,0000002c--28988b97c3
530075d26cad58e4,2024-08-11--18-07-12
530075d26cad58e4,2024-08-13--17-34-10
530075d26cad58e4,2024-08-13--18-50-35
530075d26cad58e4,2024-08-13--20-48-45
530075d26cad58e4,2024-08-13--21-34-18
530075d26cad58e4,2024-08-13--21-47-26
530075d26cad58e4,2024-09-05--17-58-34
530075d26cad58e4,2024-09-05--19-49-13
530075d26cad58e4,2024-09-05--20-13-29
530075d26cad58e4,2024-09-05--23-56-22
530075d26cad58e4,2024-09-06--14-58-05
530075d26cad58e4,2024-09-06--18-21-15
534e3360c3936247,2023-01-11--14-56-38
534e3360c3936247,2023-03-22--08-29-07
53cd8a9d420e11b2,00000017--b6aadd2449
53cd8a9d420e11b2,00000184--12fdf9363b
53cd8a9d420e11b2,000001f6--9e8d333100
53cd8a9d420e11b2,2024-03-02--16-25-24
53cd8a9d420e11b2,2024-03-30--06-48-25
53cd8a9d420e11b2,2024-04-14--14-03-57
5424db6a450ec044,2023-09-10--18-52-44
5432d2499e17e646,00000056--e931f3c7f9
5432d2499e17e646,00000434--f9f0af36f6
5432d2499e17e646,000005e9--ca7e3768cc
55c413e4a3dfc6ee,00000067--9a3246aedc
55c413e4a3dfc6ee,000001b3--c5137afd9c
55c413e4a3dfc6ee,000006da--22fe20c2ba
55c413e4a3dfc6ee,00000a5c--dd1f719581
55c413e4a3dfc6ee,00000ac4--d2c72f85c5
56540363a2af6b5b,2024-03-06--18-58-10
56b2cf1dacdcd033,00000002--71d2e94f38
56b2cf1dacdcd033,00000003--3c17400f39
56b2cf1dacdcd033,00000004--c01d18a767
56b2cf1dacdcd033,00000005--ba9c9de853
56b2cf1dacdcd033,00000008--4a2c7705b8
56b2cf1dacdcd033,0000000a--3249198b0c
56b2cf1dacdcd033,0000000a--fa05364a49
56b2cf1dacdcd033,0000000b--7387ac3624
56b2cf1dacdcd033,00000016--8ace9f6e2c
56b2cf1dacdcd033,00000017--d24ffdb376
56b2cf1dacdcd033,0000001c--1b66a3938f
574d45dbc63e9fd8,0000000b--7fcfcc8bfb
574d45dbc63e9fd8,00000010--84627baa52
5780f2cf75339e9f,00000025--0b95845917
5780f2cf75339e9f,00000028--74b0b4a8ae
5a28fb7518234651,2023-12-26--08-41-18
5a28fb7518234651,2023-12-26--18-51-30
5a28fb7518234651,2023-12-28--18-26-01
5a28fb7518234651,2023-12-30--23-01-07
5a28fb7518234651,2023-12-31--03-07-38
5a28fb7518234651,2024-01-01--10-49-56
5a28fb7518234651,2024-01-01--15-13-22
5a28fb7518234651,2024-01-21--00-23-16
5a8a403b501565d2,0000000e--99ab827c45
5a8a403b501565d2,0000000f--6fb72ce427
5a8a403b501565d2,00000010--f50ce412dd
5a8a403b501565d2,00000011--ad161b3dae
5a8a403b501565d2,00000012--27cf56ca2a
5a8a403b501565d2,00000013--f2a0e1571b
5a8a403b501565d2,00000015--3e7c448c84
5a8a403b501565d2,00000016--36af12b5d5
5a8a403b501565d2,00000018--e205e0b566
5a8a403b501565d2,00000019--cd48ee7d1b
5a8a403b501565d2,0000001a--4bb31d47b1
5a8a403b501565d2,00000065--c33a49a6e3
5a8a403b501565d2,00000097--410b4d4466
5a8a403b501565d2,0000039b--d2bf92eb7e
5b0bcddfca0b8e10,2022-10-26--22-34-10
5b0bcddfca0b8e10,2023-04-06--13-34-02
5b0bcddfca0b8e10,2023-04-21--16-56-32
5d14e2f789358983,00000001--b2786b1180
5d14e2f789358983,0000000a--90a93e903a
5d14e2f789358983,0000000c--b5fdd4af6e
5e0ef2fcec8677b6,00000001--fac398bca8
5e0ef2fcec8677b6,00000004--21be27e60f
5e0ef2fcec8677b6,00000005--64eabedaac
5e0ef2fcec8677b6,2024-03-27--13-28-28
5e58aff3cf6a6ced,0000016b--adeda4b145
5e75f47a17ee2815,0000006d--b4d426f442
610303d2941e4f69,000000d2--7379e43e9b
610303d2941e4f69,000000d6--688846ec31
611c22f1726511bc,00000060--d3f4208b96
611c22f1726511bc,00000137--29c7b711c5
611c22f1726511bc,00000200--9da7877c38
611c22f1726511bc,00000387--bd1f6e1db8
615a4887db430260,00000074--1e7ca228d6
615a4887db430260,000005ba--c3cb5fb96f
615b11d4c01d81ec,0000000e--33f4d990b3
615b11d4c01d81ec,00000018--d2a4f18686
615b11d4c01d81ec,0000001d--bd914947e5
615b11d4c01d81ec,00000024--2063f10a48
615b11d4c01d81ec,0000002a--5aa7fb5591
615b11d4c01d81ec,00000042--d1f8c004e9
615b11d4c01d81ec,00000048--97d700842e
615b11d4c01d81ec,00000053--770fc86f5f
615b11d4c01d81ec,00000057--27d142dc9b
615b11d4c01d81ec,00000057--5ef7e4f105
615b11d4c01d81ec,0000005e--9837aac51d
615b11d4c01d81ec,0000006f--020bd57ece
615b11d4c01d81ec,00000075--7a7d0a66cc
615b11d4c01d81ec,0000007c--5916f5f24c
615b11d4c01d81ec,00000082--1725c73b8e
615b11d4c01d81ec,00000092--20d445233a
615b11d4c01d81ec,00000098--d5da8add34
615b11d4c01d81ec,00000099--55b51d25ae
615b11d4c01d81ec,0000009f--8da9ee9ccc
615b11d4c01d81ec,000000ac--79940a3334
615b11d4c01d81ec,000000af--e366520ebc
615b11d4c01d81ec,000000cb--509c2a4e04
615b11d4c01d81ec,000000dc--17109331c8
615b11d4c01d81ec,000000df--1fc87ea16b
615b11d4c01d81ec,000000e6--60f6ef062a
615b11d4c01d81ec,000000e7--40813d0e38
615b11d4c01d81ec,000000e8--28d9ec5e88
615b11d4c01d81ec,000000ed--0d85e85c48
615b11d4c01d81ec,000000ed--70914ad771
615b11d4c01d81ec,000000f4--6ebf5d2afe
615b11d4c01d81ec,000000fb--0151f196f9
615b11d4c01d81ec,00000114--06b59c4c78
615b11d4c01d81ec,00000114--7ebcaaa8fc
615b11d4c01d81ec,00000115--524b45920b
615b11d4c01d81ec,00000115--742329d7da
615b11d4c01d81ec,00000117--960b572f26
615b11d4c01d81ec,00000120--3af9c099b4
615b11d4c01d81ec,0000012b--d701c2aae7
615b11d4c01d81ec,0000012c--66951795ff
615b11d4c01d81ec,00000132--a2df87c3a0
615b11d4c01d81ec,00000138--b87f552979
615b11d4c01d81ec,00000140--33a2033b71
615b11d4c01d81ec,00000141--ea11519b15
615b11d4c01d81ec,00000147--176ecd861a
615b11d4c01d81ec,00000177--6dad5b8bd7
615b11d4c01d81ec,00000188--3a69ab06c3
615b11d4c01d81ec,0000018a--40e16b8756
615b11d4c01d81ec,0000018f--30c394f1b2
615b11d4c01d81ec,00000190--dbad5557f3
615b11d4c01d81ec,00000193--e27d7531b1
615b11d4c01d81ec,00000197--6c8b1e26c4
615b11d4c01d81ec,000001b3--5752050003
615b11d4c01d81ec,000001b5--1541995eea
615b11d4c01d81ec,000001b6--47751d44c4
615b11d4c01d81ec,000001b7--f59749c412
615b11d4c01d81ec,000001b8--25979f6544
615b11d4c01d81ec,000001bc--5522948dff
615b11d4c01d81ec,000001bd--293943238f
615b11d4c01d81ec,000001c8--e604d9a866
615b11d4c01d81ec,000001cc--6b919cf2ec
615b11d4c01d81ec,000001d7--dcc030d5d0
615b11d4c01d81ec,000001d9--1da0891fd1
615b11d4c01d81ec,000001dd--fd53f52bfe
615b11d4c01d81ec,000001de--5d93410692
615b11d4c01d81ec,000001df--7b32ab6a10
615b11d4c01d81ec,000001e3--f7fe3056c0
615b11d4c01d81ec,000001e4--9fde930821
615b11d4c01d81ec,000001e5--d27a53728e
615b11d4c01d81ec,000001e6--e31ee4fb2a
615b11d4c01d81ec,000001e7--898fc4ee07
615b11d4c01d81ec,000001e8--3a911ca23e
615b11d4c01d81ec,000001ec--7e46bce9af
615b11d4c01d81ec,000001fc--2052b8321b
61f6fb27f4fb043a,00000021--5351b83778
64d8513e2050d4cc,0000011b--6ef398fdcf
6504a94602f1de53,00000003--8435b4a66f
6504a94602f1de53,00000010--9b74f6f4fc
6504a94602f1de53,00000016--91fd1c7a21
6504a94602f1de53,00000036--7747a9957b
6504a94602f1de53,000000fc--772d793516
6504a94602f1de53,000000fe--b006b91cc0
660d197cba0d6d7c,00000005--c806eee94f
66c1699b7697267d,00000176--4b6b80db68
66c1699b7697267d,2024-03-01--10-47-24
67dfdeafc59f9024,00000027--de7eff88f7
68d6a96e703c00c9,2022-09-10--16-09-39
68d6a96e703c00c9,2022-09-10--16-25-04
68d6a96e703c00c9,2022-10-05--13-48-02
68d6a96e703c00c9,2022-10-09--10-57-00
68d6a96e703c00c9,2022-11-03--17-23-16
69bec8f392b07729,00000001--6225d79af1
69bec8f392b07729,00000005--0ec739553d
69cda8e561adb7b0,00000000--395fb8ff16
69cda8e561adb7b0,2023-12-18--06-54-36
69cda8e561adb7b0,2023-12-18--12-49-48
69dbf99a5c788346,00000005--664d81a56f
69dbf99a5c788346,00000016--c495c48a23
69dbf99a5c788346,00000025--7fae82e04e
6a7675e7d4c28d84,00000001--4bb75bb3d2
6a7675e7d4c28d84,00000017--23d92a7dc8
6a7675e7d4c28d84,0000009f--7ea63b7ae7
6afcc544f94adb75,2023-04-24--08-53-23
6b170e78d823566b,2024-03-04--07-42-13
6c5e2106ca45c09f,2023-02-09--10-54-42
6c5e2106ca45c09f,2023-03-24--17-43-42
6c5e2106ca45c09f,2023-03-26--11-26-54
6c5e2106ca45c09f,2023-03-28--20-43-43
6d9f11f6f3611140,2023-05-02--18-27-57
6d9f11f6f3611140,2023-05-02--23-25-11
6da048ac940bdaa8,00000001--63a700516a
6dae2984cc53cd7f,2024-01-18--16-58-10
6dae2984cc53cd7f,2024-01-24--11-00-10
6f3e31d6549a04d4,00000029--2ace04ba01
7358a9923f0b36da,00000001--b7a24d12f2
7358a9923f0b36da,00000008--5655f8d127
7358a9923f0b36da,00000009--b15d1018a8
74742c6f49659232,00000003--91a63030f4
74742c6f49659232,00000004--406322170f
74742c6f49659232,00000027--945c29a1f3
74742c6f49659232,0000002b--819d892619
74742c6f49659232,00000135--653ab1a6fb
76ec661ac0d18569,2023-05-25--14-55-07
76fcc86c5aa85c45,00000008--0185ed2833
76fcc86c5aa85c45,00000025--d96d83921f
76fcc86c5aa85c45,2023-03-23--10-12-32
76fcc86c5aa85c45,2023-05-13--11-52-17
76fcc86c5aa85c45,2024-01-01--18-37-06
789775b8fcc20e21,00000002--577d2b33e7
789775b8fcc20e21,0000004b--75b2c22816
789775b8fcc20e21,0000011a--35b72c965b
789775b8fcc20e21,00000188--cd5bf8fff7
789775b8fcc20e21,000001bb--53f00f54ef
789775b8fcc20e21,000001c2--86ca06630c
789775b8fcc20e21,000001d4--830e3f98f5
789775b8fcc20e21,000001d7--e23265fa9a
789775b8fcc20e21,000001da--28bc4295b7
789775b8fcc20e21,000001db--060ee38e9a
78ad5150de133637,2024-03-11--19-50-40
78df6b658ed6e8ea,2023-07-01--10-56-00
79141db5eb5aea5d,00000050--8001dde5c5
7a1867ab3fd9147b,00000004--4a69ab64d3
7a1867ab3fd9147b,00000120--e1bbf2ec78
7ad132be77deca43,000001ce--fbc9cc5e52
7bc0de9da607c543,00000011--28306a59e5
7d2c65268be901d1,00000003--4539567ee6
7d2c65268be901d1,00000003--dc024520ed
7d2c65268be901d1,00000015--cba0a957d6
7d2c65268be901d1,0000002b--d3934256ad
7d2c65268be901d1,00000030--109e270516
7d2c65268be901d1,00000030--310831e6db
7d2c65268be901d1,00000033--c4827d6355
7d2c65268be901d1,00000037--eac469e042
7d2c65268be901d1,00000039--81cf56f5f7
7d2c65268be901d1,0000006e--f2ebf2f30d
7d2c65268be901d1,00000070--57b492d18c
7d2c65268be901d1,0000012e--b9799a5192
7dc058789994da80,0000008e--2915e3242b
7dc058789994da80,00000098--d268fb48bf
7dc058789994da80,00000112--adb970f6a8
7e069ec96c2da3a2,2023-11-26--12-33-33
7e525a97ed2e5baf,00000002--6a4ad02f69
7e525a97ed2e5baf,00000003--4de2aaf204
7e7951ffac242c6d,00000029--9df7bed842
7e7951ffac242c6d,0000002a--25f988549e
7efcc6ec48a3c6d9,00000227--5efa442501
7efcc6ec48a3c6d9,00000294--2cdfc49c53
7efcc6ec48a3c6d9,000003b1--3635d27842
7f8f479cfa6f392a,00000001--9a84b69c9d
7f8f479cfa6f392a,00000008--94b7ea053a
7fd1e4f3a33c1673,2022-12-04--14-58-30
7fd1e4f3a33c1673,2022-12-04--15-09-53
7fd1e4f3a33c1673,2022-12-07--20-16-23
800808aede841985,00000000--7255b004d3
800808aede841985,00000000--909714f71a
800808aede841985,00000000--9da2b366e1
800808aede841985,00000000--bb3343d7c8
800808aede841985,00000000--d47d1e00be
800808aede841985,00000000--d7abc12423
800808aede841985,00000001--06acc9f7e0
800808aede841985,00000001--1a105758f5
800808aede841985,00000001--c2149b45b6
800808aede841985,00000002--06a07f3239
800808aede841985,00000002--c13bfca8c7
800808aede841985,00000003--813fbb1a7f
800808aede841985,00000003--f2480962db
800808aede841985,00000004--bf781c5c2a
800808aede841985,00000006--ead84478fe
800808aede841985,00000008--ddbe6612ae
800808aede841985,0000000b--6f31cf4f32
800808aede841985,00000076--a482619f7c
800808aede841985,00000080--4612cbd988
800808aede841985,00000081--1dd2ca1282
805f87f5e96d128c,00000000--ce6cb2b06b
805f87f5e96d128c,00000001--17b9b02825
808e486fe83d0887,2022-11-09--19-26-55
808e486fe83d0887,2022-11-10--18-23-35
80f5d70c025c2863,2023-04-02--19-26-41
80f5d70c025c2863,2023-04-02--21-27-51
81e77f6b5f80e624,2023-12-11--20-17-22
835f940a7b44a80e,0000000d--f71759fbbe
88314837c3a6e531,00000036--9a7e5361d7
886240741b067740,00000001--b831bdaab3
886240741b067740,00000002--e2a48943ed
886240741b067740,0000000f--f024e977f9
886240741b067740,00000011--ea1c474732
886240741b067740,00000014--3fc214b6fa
886240741b067740,00000015--152b40a5bf
886240741b067740,00000017--d71465d6ed
886240741b067740,00000018--1342a4b761
886240741b067740,00000026--82c53fac1b
886240741b067740,00000031--c729c05b06
886240741b067740,00000036--791cd728d5
886240741b067740,00000046--b35177f9d2
886240741b067740,0000004e--c7387971e1
886240741b067740,00000062--50f8ab55e0
886240741b067740,00000068--f0a72b49cf
886240741b067740,0000006a--6facded0a4
886240741b067740,0000006d--0b1f8d0b8a
886240741b067740,00000074--435be0d068
886240741b067740,0000007f--a7fafbac8f
886240741b067740,00000086--69bef45ef6
886240741b067740,00000093--483f44ca98
886240741b067740,00000095--10970aa0d6
886240741b067740,00000097--77d2847fb1
886240741b067740,000000a8--a7145daf06
886240741b067740,000000b4--cadbb807b7
886240741b067740,000000b7--c639e086ca
886240741b067740,000000b9--37f19eed60
886240741b067740,000000be--5bfeeef096
886240741b067740,000000dc--a73044fc0f
886240741b067740,000000dd--e47bfd7b19
886240741b067740,000000de--c5d6de8f35
886240741b067740,000000df--a3f152dc58
886240741b067740,000000e5--2c5632a611
886240741b067740,000000e9--b29f32a473
886240741b067740,000000ec--cb8c083e99
886240741b067740,0000010c--d383d90f3e
886240741b067740,00000110--78fe81045a
886240741b067740,00000113--b8640f5cd7
886240741b067740,00000117--efe48306f5
886240741b067740,00000119--3dee00933b
886240741b067740,0000011a--750fc737c5
887a6a93f08a2dc0,2022-11-15--08-25-52
88b9fa8e179f87d8,2023-01-18--17-42-17
88b9fa8e179f87d8,2023-04-22--10-46-07
88b9fa8e179f87d8,2023-06-11--10-46-08
896c871b319c065d,00000025--5b516873bc
896c871b319c065d,00000040--b3da7bd432
89cfc97b127330c4,2024-03-23--17-49-54
8b4fc8ccc634d38e,00000009--d70fa673da
8b4fc8ccc634d38e,0000000c--264eed97d6
8b4fc8ccc634d38e,0000000f--dc325c4630
8b4fc8ccc634d38e,00000022--5e31a8922c
8b4fc8ccc634d38e,00000025--0b8cf2b6a6
8b4fc8ccc634d38e,00000028--91bc450e0b
8b4fc8ccc634d38e,00000048--47914d78fa
8bfb000e03b2a257,00000004--f9eee5f52e
8db3f557a1e70a1a,2022-11-28--20-41-04
8db3f557a1e70a1a,2022-11-30--19-53-29
8db3f557a1e70a1a,2023-03-02--20-26-15
8de015561e1ea4a0,0000013b--4b84aa4a7a
8de015561e1ea4a0,2023-04-19--16-50-41
8de015561e1ea4a0,2023-04-30--20-34-11
8de015561e1ea4a0,2023-07-02--20-14-07
8de015561e1ea4a0,2023-08-12--13-09-08
8e9829fecc657445,00000010--3ecebc9917
8e9829fecc657445,00000011--1f07e2ac5a
8e9829fecc657445,00000016--775c19e361
8e9829fecc657445,00000038--d625513531
92c61194164c3e2e,2023-07-21--00-40-30
92c61194164c3e2e,2023-12-12--17-13-06
92c61194164c3e2e,2023-12-14--13-23-24
92c61194164c3e2e,2023-12-15--10-17-00
92c61194164c3e2e,2023-12-29--12-23-43
92e78e563b85b055,00000000--af2532e6d9
92e78e563b85b055,00000003--a8c002c3d8
92e78e563b85b055,00000009--15a20af436
92e78e563b85b055,0000000d--1b96d908bf
92e78e563b85b055,0000003b--a0b3b82528
955536bf30ea4500,00000005--ed2c3bd483
955536bf30ea4500,00000254--7344d5dd37
9756b2444a76c9d7,0000000b--bac6ca2b1d
9818afb72602ae6c,2023-07-16--00-26-08
98691959264d08cc,00000036--21c30f8658
98691959264d08cc,000000e0--dbc3f5dd10
9a31d18cd1a79c69,00000001--79aa41f7e0
9a31d18cd1a79c69,00000005--4ed6786dab
9a31d18cd1a79c69,0000000c--e34f4bffb5
9a31d18cd1a79c69,0000004d--43734b0656
9a31d18cd1a79c69,0000005b--b8bc40652e
9a31d18cd1a79c69,00000177--035b67fbc9
9cfcfad54a52b739,00000029--b3eed19d03
9d09cc205c254c4b,00000143--601c3ee13a
9eab6bb0c76baa3d,2024-01-09--11-20-21
9eab6bb0c76baa3d,2024-01-12--16-36-30
9f913ea6594100bf,00000018--450fd82158
9f913ea6594100bf,0000001a--dfa021f58e
9f913ea6594100bf,00000025--78ec5a586f
9f913ea6594100bf,00000073--a7a90417e3
9f913ea6594100bf,000000a2--5dfc0fd088
9f913ea6594100bf,00000101--59d36d20f4
9f913ea6594100bf,00000234--d83333c49f
9f913ea6594100bf,00000239--91cfcfcbef
9f913ea6594100bf,2023-08-19--07-32-40
9f913ea6594100bf,2023-08-19--08-45-00
9f913ea6594100bf,2023-08-19--08-48-36
9f913ea6594100bf,2023-08-19--10-59-27
9f913ea6594100bf,2024-02-08--16-10-33
9f913ea6594100bf,2024-02-09--05-43-27
9f913ea6594100bf,2024-02-11--07-21-58
9f913ea6594100bf,2024-02-12--07-22-10
9f913ea6594100bf,2024-02-20--07-19-32
9fb5e8c2cb1265f8,00000120--5ac98fa95e
a0d99b85ff06857b,00000003--74c7853a88
a12a00d7b630927b,2023-10-14--21-56-15
a12a00d7b630927b,2023-10-21--14-03-39
a12a00d7b630927b,2023-10-21--16-27-23
a152dad3c3368320,2024-01-23--19-42-30
a2152effbad22b70,00000000--3a08c21130
a2152effbad22b70,0000000a--a0f50e1ba3
a2152effbad22b70,0000000e--a3bafed4ed
a2152effbad22b70,0000001e--a48c9784f4
a2152effbad22b70,0000003b--934819fa98
a2152effbad22b70,0000004b--5704391c41
a2152effbad22b70,00000064--2a1924b4a9
a2152effbad22b70,0000007e--c0a7eedf6c
a2152effbad22b70,000000ae--4a4f9ca1b2
a2152effbad22b70,000000b9--fdf1aa0e4f
a2152effbad22b70,000000bc--8db76ac4d2
a2152effbad22b70,000003e3--0f13f16c7b
a2a0ccea32023010,2023-07-27--13-01-19
a341d8f71913b7c6,2023-08-22--19-11-25
a341d8f71913b7c6,2023-11-21--09-19-35
a341d8f71913b7c6,2023-11-21--17-10-41
a341d8f71913b7c6,2023-11-21--23-29-38
a341d8f71913b7c6,2023-12-05--22-06-55
a4653a9be878a408,00000004--a1631e93d8
a4653a9be878a408,00000004--e4f50f12e1
a4653a9be878a408,00000006--531a90581b
a4653a9be878a408,00000007--77a53d4cbe
a4653a9be878a408,00000008--71abe609f5
a4653a9be878a408,0000000a--219e9318f9
a4653a9be878a408,00000016--fbb6e35c3a
a4653a9be878a408,00000029--e1c8705a52
a4653a9be878a408,00000031--d64b9837e3
a4653a9be878a408,0000004d--1b2a6765d6
a4653a9be878a408,00000057--914d2a5ba6
a4653a9be878a408,00000065--8c266cf6d6
a4653a9be878a408,00000065--e2d904e889
a4653a9be878a408,2023-10-21--13-46-43
a4653a9be878a408,2023-11-11--10-35-48
a4653a9be878a408,2023-11-16--18-54-39
a4653a9be878a408,2024-01-14--19-24-54
a4653a9be878a408,2024-03-03--14-17-07
a6010f288088661a,00000300--55b066d0bd
a6010f288088661a,2024-04-22--12-36-41
a6310918f9699ef5,00000000--e4ed0db2c3
a6310918f9699ef5,00000001--330b5f323d
a6310918f9699ef5,00000002--75b0952f72
a6310918f9699ef5,00000005--fe1af565d0
a6310918f9699ef5,00000006--b872bba60f
a6310918f9699ef5,00000007--59f2f1307d
a6310918f9699ef5,00000008--7ccc18c226
a6310918f9699ef5,00000009--a663611446
a6310918f9699ef5,0000000b--39213324c5
a6310918f9699ef5,0000000b--61e51b88dd
a6310918f9699ef5,0000000b--6746d0c5f5
a6310918f9699ef5,0000000c--24175c5def
a6310918f9699ef5,0000000c--5cc5dd5110
a6310918f9699ef5,0000000c--90d840812a
a6310918f9699ef5,0000000d--eb619a2998
a6310918f9699ef5,00000011--29e051c7a2
a6310918f9699ef5,00000018--0ed011a768
a6310918f9699ef5,00000019--1ead694cff
a6310918f9699ef5,0000002e--dad0e12eac
a6310918f9699ef5,00000030--06f5f52c61
a6310918f9699ef5,00000031--675b5f6fd2
a6310918f9699ef5,00000037--c846527449
a6310918f9699ef5,00000040--9660bee57b
a6310918f9699ef5,00000042--4c5f65c4e4
a6310918f9699ef5,0000004c--b467626006
a6310918f9699ef5,0000004e--827aae4747
a6310918f9699ef5,0000004f--0b00497555
a6310918f9699ef5,00000050--32a4402bc3
a6310918f9699ef5,00000051--b6c4ce18f5
a6310918f9699ef5,0000007a--156abe0862
a6310918f9699ef5,2024-05-02--21-11-27
a67e46cef63e26bf,00000220--c56fec1607
a67e46cef63e26bf,00000221--62bdc78906
a8101c039f17afb0,0000031b--1388ad0e8f
a8101c039f17afb0,00000338--7d6f7f39c3
a8101c039f17afb0,0000033a--5b849983eb
a817b547dd7dd242,2024-06-02--07-14-31
a865aebac3863cd4,0000000c--249be06309
a865aebac3863cd4,00000021--30fea99820
a865aebac3863cd4,00000024--5cdd867297
a865aebac3863cd4,00000035--1ba1ca96ec
a865aebac3863cd4,0000003a--a1f0c3afef
a865aebac3863cd4,0000003e--6bbd5fa3ac
a865aebac3863cd4,0000010c--cc4a29ce48
a865aebac3863cd4,00000141--a5a6d0ff45
a865aebac3863cd4,2024-05-16--13-29-49
a865aebac3863cd4,2024-05-20--20-32-03
a865aebac3863cd4,2024-05-24--20-05-41
a865aebac3863cd4,2024-05-27--15-42-00
a968db582cdd3227,000007c4--87a6e38cc9
a980018466c6a475,2023-11-29--08-01-35
a9bb30d693e9008d,2023-01-16--20-40-20
a9bb30d693e9008d,2023-01-17--16-46-48
aacf80047c4955eb,00000003--e87c3fca6a
aacf80047c4955eb,0000006e--36027a500b
abada7a7a4dccf94,2023-06-03--12-25-54
abada7a7a4dccf94,2023-06-03--13-04-51
abada7a7a4dccf94,2023-06-09--12-59-01
abd3fb817111802c,0000000a--74bd31bd7d
abd3fb817111802c,0000000c--a724c1a5ef
abd3fb817111802c,0000000f--de9a8ec560
abd3fb817111802c,00000010--2b50a1ac9b
abd3fb817111802c,00000012--26b43990e5
abd3fb817111802c,0000001a--25b0302d17
abd3fb817111802c,0000001a--b2b48e45b1
abd3fb817111802c,0000001b--8e423a8f7f
abd3fb817111802c,0000001c--b31645edb8
abd3fb817111802c,0000001e--f349188177
abd3fb817111802c,00000039--fc5a363fc9
abd3fb817111802c,0000003a--e1f1ea13ac
abd3fb817111802c,00000054--25ef027751
abd3fb817111802c,00000055--7c880a864f
abd3fb817111802c,0000006e--d7f7ee1758
abd3fb817111802c,0000019d--fe6fd8098a
abd3fb817111802c,000001b8--e17280d9f1
abd3fb817111802c,000001b9--e7145457ae
abd3fb817111802c,000001ba--1e8c88213c
abd3fb817111802c,000001bb--06e6e95a9d
abd3fb817111802c,000001ec--3938066717
abd3fb817111802c,000001fc--5cc98d7b0e
ac4b520d88546877,00000001--79817c6d8f
ac4b520d88546877,000000f5--ba4ea25df3
ac4b520d88546877,000000f8--e5fb0ea9ef
ac4b520d88546877,00000181--f1a5754e39
acd9ae4383134531,0000003d--84100e98b4
acd9ae4383134531,000000b3--068cdfa71a
ad02c388336a129b,00000183--d7071de608
ad02c388336a129b,00000184--7a08826097
ad02c388336a129b,00000187--a0281e18c9
ad02c388336a129b,0000018d--189a7b2a18
ad02c388336a129b,0000018f--c67327356c
ad02c388336a129b,00000190--9190daaf59
ad02c388336a129b,00000191--6045811f21
ad02c388336a129b,00000192--7a3151859f
ad02c388336a129b,00000193--398f6cb9f2
ad02c388336a129b,00000194--1fda0f5ca4
ad02c388336a129b,00000195--cd8cc14146
ad02c388336a129b,00000197--5a1b623439
ad02c388336a129b,00000198--5a54023632
ad02c388336a129b,00000199--8846335d4d
ad02c388336a129b,0000019a--6aee46c88d
ad02c388336a129b,0000019b--4e05a6ad2e
ad02c388336a129b,0000019c--13ba31f8bf
ad02c388336a129b,0000019d--739ca8a36d
ad02c388336a129b,0000019e--bd4acddf42
ad02c388336a129b,0000019f--d9b5b03e2c
ad02c388336a129b,000001b9--5d9c89b916
ad02c388336a129b,000001ba--986ac725b3
ad02c388336a129b,000001bc--4a85503935
ad02c388336a129b,000001c1--f58f82dfc9
ad02c388336a129b,000001c4--c70c3597cb
ad02c388336a129b,000001c5--75e3dd2b0d
ad02c388336a129b,000001c7--3cd0441938
ad02c388336a129b,000001cc--2e4f1e6b32
ad02c388336a129b,000001d8--f8a4ad8e69
ad02c388336a129b,000001d9--d76bc020f9
ad02c388336a129b,000001e8--8e90a33520
ad02c388336a129b,000001ed--6937897bf5
ad02c388336a129b,0000020c--6dcf019076
ad02c388336a129b,0000020f--f3c90dc8f2
ad02c388336a129b,00000250--1f8abc683a
ad02c388336a129b,00000254--9553efeef4
ad02c388336a129b,00000258--27fa89da72
ad02c388336a129b,0000025c--ff9c7d921b
ad02c388336a129b,00000262--fb19da7163
ad02c388336a129b,00000263--5f3564b2f0
ad02c388336a129b,0000029f--d8c100c7fe
ad02c388336a129b,000002a0--6949fcc47e
ad02c388336a129b,000002a2--851b602209
ad02c388336a129b,000002a7--78211dbd7b
ad02c388336a129b,000002a8--fb2c411586
ad02c388336a129b,000002a9--f89730362c
ad02c388336a129b,000002aa--b2534f556c
ad02c388336a129b,000002ab--702c139ff0
ad02c388336a129b,000002ac--a1910241a4
ad02c388336a129b,000002af--89d47252b6
ad02c388336a129b,000002b0--aac3f042a4
ad02c388336a129b,000002b1--6aa6f61e5d
ad02c388336a129b,000002b2--842d42c5fd
ad02c388336a129b,000002b5--f3cc3da7d7
ad02c388336a129b,000002b6--658585ca72
ad02c388336a129b,000002b7--8973811a6a
ad02c388336a129b,00000368--98da60fc18
ad02c388336a129b,00000369--c59a922c65
ad02c388336a129b,0000036b--82476f3b2d
ad02c388336a129b,0000036c--1c0a394689
ad02c388336a129b,0000036d--3cf6c3353b
ad02c388336a129b,0000036e--7778a4e53f
ad02c388336a129b,0000036f--c6062cd6a1
ad02c388336a129b,00000370--2dfd7d72e5
ad02c388336a129b,00000372--0ef335a556
ad02c388336a129b,00000373--4fa92940c7
ad02c388336a129b,00000374--9c1595d083
ad02c388336a129b,00000375--b63d2ee5b6
ad02c388336a129b,00000376--a7cde4130e
ad02c388336a129b,00000377--dc2e7efc6b
ad02c388336a129b,0000037a--751b75d939
ad02c388336a129b,00000392--bea4c9d2c4
ad02c388336a129b,00000394--7fbc689312
ad02c388336a129b,00000396--2db21df538
ad02c388336a129b,00000397--92f13ccece
ad02c388336a129b,00000399--0fc1ad0183
ad02c388336a129b,0000039a--d072a2b625
ad02c388336a129b,0000039e--2e7354ae50
ad02c388336a129b,0000039f--b922995e3c
ad02c388336a129b,000003a0--7c5f3d976e
ad02c388336a129b,000003a1--ab2782e19f
ad02c388336a129b,000003a7--bd096c5f96
ad9840558640c31d,00000000--af57161a56
ad9840558640c31d,00000000--c2b106d31c
ad9840558640c31d,00000001--a13f11beb2
ad9840558640c31d,00000001--c628e61292
ad9840558640c31d,00000001--caebf3c86b
ad9840558640c31d,00000001--da0d95e518
ad9840558640c31d,00000002--11ddd64777
ad9840558640c31d,00000002--531e9d28b4
ad9840558640c31d,00000002--b71d2e9f27
ad9840558640c31d,00000002--fd922cb087
ad9840558640c31d,00000003--4f81270497
ad9840558640c31d,00000003--a2eb20220a
ad9840558640c31d,00000003--d74a913501
ad9840558640c31d,00000004--5d39f13b70
ad9840558640c31d,00000004--c39299dd63
ad9840558640c31d,00000004--e40f3c15ca
ad9840558640c31d,00000005--18a78964bf
ad9840558640c31d,00000005--1f77ad20f1
ad9840558640c31d,00000005--21492f83d2
ad9840558640c31d,00000005--394404c5d4
ad9840558640c31d,00000005--c027cb8b68
ad9840558640c31d,00000005--f5d09d2784
ad9840558640c31d,00000006--6c7475b560
ad9840558640c31d,00000006--902339b61e
ad9840558640c31d,00000007--234c71f3c5
ad9840558640c31d,00000007--a54a7cfb87
ad9840558640c31d,00000008--796794840f
ad9840558640c31d,00000008--84c6baca80
ad9840558640c31d,00000008--aeaa9f13d2
ad9840558640c31d,00000008--e8d04b6e91
ad9840558640c31d,00000009--601169b894
ad9840558640c31d,00000009--60301b380e
ad9840558640c31d,00000009--9b0ed84a6b
ad9840558640c31d,00000009--a0348fcf09
ad9840558640c31d,0000000a--505c644d4b
ad9840558640c31d,0000000a--81f047700a
ad9840558640c31d,0000000a--a77c070b0c
ad9840558640c31d,0000000a--bc4333f746
ad9840558640c31d,0000000b--73d68aacb9
ad9840558640c31d,0000000b--ffc52787da
ad9840558640c31d,0000000c--873143e02d
ad9840558640c31d,0000000c--efe4dd6dfc
ad9840558640c31d,0000000d--4bf4d457e3
ad9840558640c31d,0000000d--86a4d8e02a
ad9840558640c31d,0000000e--69ee6e92d5
ad9840558640c31d,0000000e--b56c2ebf6a
ad9840558640c31d,00000010--a594b93871
ad9840558640c31d,00000011--61a478b48c
ad9840558640c31d,00000011--764ec2da5b
ad9840558640c31d,00000011--830b045283
ad9840558640c31d,00000011--9608d1ca6f
ad9840558640c31d,00000011--b2de78f396
ad9840558640c31d,00000012--1ca7bafaed
ad9840558640c31d,00000012--f2d396935e
ad9840558640c31d,00000013--893d36d514
ad9840558640c31d,00000014--025580ea15
ad9840558640c31d,00000014--04478f9be6
ad9840558640c31d,00000014--4f39963aab
ad9840558640c31d,00000014--6ee1c5fca8
ad9840558640c31d,00000014--dff1714c6f
ad9840558640c31d,00000015--b72f3d7a5c
ad9840558640c31d,00000016--9bd2153862
ad9840558640c31d,00000017--eaae8b68d5
ad9840558640c31d,00000018--5f49246d06
ad9840558640c31d,00000018--6d4b733a6a
ad9840558640c31d,00000018--b5df54680e
ad9840558640c31d,00000018--e2ac661c64
ad9840558640c31d,00000018--e81f363abb
ad9840558640c31d,00000019--a127130d43
ad9840558640c31d,00000019--a3b2cf83b1
ad9840558640c31d,00000019--d08f3c0ab4
ad9840558640c31d,0000001a--009fc4cefd
ad9840558640c31d,0000001a--b40ad96b45
ad9840558640c31d,0000001a--d6cd4871c2
ad9840558640c31d,0000001c--724ba3fa1b
ad9840558640c31d,0000001c--d14b8f68fa
ad9840558640c31d,0000001d--0d5daf121d
ad9840558640c31d,0000001e--331f281db2
ad9840558640c31d,00000020--aaef7eb94b
ad9840558640c31d,00000020--c86420bf64
ad9840558640c31d,00000021--78aca84790
ad9840558640c31d,00000023--67187e578c
ad9840558640c31d,00000024--360c099f15
ad9840558640c31d,00000024--51fd03c086
ad9840558640c31d,00000024--9ecb0dba75
ad9840558640c31d,00000026--031c281dbb
ad9840558640c31d,00000026--538590661c
ad9840558640c31d,00000026--ae1b4dceb0
ad9840558640c31d,0000002b--8d05b8be4c
ad9840558640c31d,0000002b--c5fce5be1d
ad9840558640c31d,0000002f--edbdc09353
ad9840558640c31d,00000032--f6a847b963
ad9840558640c31d,00000033--8f8061f2c9
ad9840558640c31d,00000034--57e91133a8
ad9840558640c31d,00000034--9c8a607f7d
ad9840558640c31d,00000034--de0418e1e6
ad9840558640c31d,00000036--444e8094bf
ad9840558640c31d,00000037--55fdc78bbe
ad9840558640c31d,00000037--a5632a720a
ad9840558640c31d,00000038--385c6a4ad2
ad9840558640c31d,00000039--a1a10f0a50
ad9840558640c31d,0000003a--1510be3e96
ad9840558640c31d,0000003a--5f637d08b5
ad9840558640c31d,0000003c--2d37cf5d3f
ad9840558640c31d,0000003c--55442b0e00
ad9840558640c31d,0000003d--a35002b59f
ad9840558640c31d,0000003d--c7a02056eb
ad9840558640c31d,0000003d--f4d6a1ebaf
ad9840558640c31d,0000003e--1e13282154
ad9840558640c31d,0000003e--46a48a59ce
ad9840558640c31d,00000042--7ec147c4bf
ad9840558640c31d,00000043--94dee1b7c2
ad9840558640c31d,00000044--b829a44894
ad9840558640c31d,00000045--117e0dc04b
ad9840558640c31d,00000047--5780f5aecd
ad9840558640c31d,00000047--b42a824f46
ad9840558640c31d,00000048--a3c0e9f308
ad9840558640c31d,00000049--d5f3c5c12d
ad9840558640c31d,0000004b--4e85c14633
ad9840558640c31d,0000004b--ca8cc0c456
ad9840558640c31d,0000004c--9a74e7bc13
ad9840558640c31d,00000050--01521ec498
ad9840558640c31d,00000056--e54247f6fb
ad9840558640c31d,00000057--2ed38aae41
ad9840558640c31d,00000059--db30d0c5cd
ad9840558640c31d,0000005b--83e0db235d
ad9840558640c31d,0000005f--b986b7c31c
ad9840558640c31d,0000005f--c7eeb56e45
ad9840558640c31d,00000064--357daf8a81
ad9840558640c31d,00000065--6a8df0b8d0
ad9840558640c31d,00000066--88222cbe1f
ad9840558640c31d,00000068--b6f1fa1fdd
ad9840558640c31d,00000069--5a2bbcc2cf
ad9840558640c31d,0000006a--cd2987f9d9
ad9840558640c31d,00000070--8cbda9da74
ad9840558640c31d,00000072--748f3e1e2e
ad9840558640c31d,00000073--2f81f76f84
ad9840558640c31d,00000073--9aaa439c9b
ad9840558640c31d,00000074--2f24a38c60
ad9840558640c31d,00000074--34a2298045
ad9840558640c31d,00000075--3007c598e1
ad9840558640c31d,00000075--59ed27713e
ad9840558640c31d,00000075--66368c71a1
ad9840558640c31d,00000075--f2cdec344b
ad9840558640c31d,00000077--745a2bc114
ad9840558640c31d,00000077--80c9223bc4
ad9840558640c31d,00000078--c0c073803d
ad9840558640c31d,0000007a--789d1eda01
ad9840558640c31d,0000007d--ba99817da0
ad9840558640c31d,00000080--a89435ae85
ad9840558640c31d,00000081--3ffad8fe67
ad9840558640c31d,00000084--e517d6f363
ad9840558640c31d,00000086--362d0e6a98
ad9840558640c31d,00000088--975e800443
ad9840558640c31d,0000008a--8567817f0b
ad9840558640c31d,0000008a--eac03d244d
ad9840558640c31d,0000008b--0107f3ed6b
ad9840558640c31d,0000008d--beca50ae41
ad9840558640c31d,0000008d--f372c229fc
ad9840558640c31d,00000090--68185913b2
ad9840558640c31d,00000093--c7d20b4301
ad9840558640c31d,00000093--de1d71dee8
ad9840558640c31d,00000095--0e3c92ef6a
ad9840558640c31d,0000009b--2a1aab5494
ad9840558640c31d,000000a3--7af4d6e28c
ad9840558640c31d,000000a7--92d1e75af1
ad9840558640c31d,000000ad--4d9928af80
ad9840558640c31d,000000b6--8afa4e83cb
ad9840558640c31d,000000b8--3658de5d1b
ad9840558640c31d,000000c0--200288b885
ad9840558640c31d,000000c0--ae8be347e9
ad9840558640c31d,000000c2--2737ed953c
ad9840558640c31d,000000c2--a10fe049d0
ad9840558640c31d,000000c7--645a4c8666
ad9840558640c31d,000000c8--f7911c5100
ad9840558640c31d,000000d0--d5b4d78dad
ad9840558640c31d,000000d1--a2ebd6aa06
ad9840558640c31d,000000d2--f987f00c12
ad9840558640c31d,000000d3--4dbedf0f7a
ad9840558640c31d,000000d6--a751424968
ad9840558640c31d,000000db--35cff11288
ad9840558640c31d,000000dc--c0315653d1
ad9840558640c31d,000000dd--003e4e8d0b
ad9840558640c31d,000000dd--84d4ca6c07
ad9840558640c31d,000000e0--9b7e72e1f0
ad9840558640c31d,000000e0--f1f78e5e06
ad9840558640c31d,000000e5--d7bacb8ad8
ad9840558640c31d,000000ee--a55975be0d
ad9840558640c31d,000000f1--12aa32773c
ad9840558640c31d,000000f5--18da467a8a
ad9840558640c31d,000000f5--9db6bb5401
ad9840558640c31d,000000f9--42d193cba4
ad9840558640c31d,00000115--b1cd20067c
ad9840558640c31d,00000118--8d8aee4b60
ad9840558640c31d,00000118--cf41d65690
ad9840558640c31d,0000011a--cba3ed3816
ad9840558640c31d,0000011e--b1ab30a633
ad9840558640c31d,00000123--59d128b40b
ad9840558640c31d,00000125--b39c2d18b9
ad9840558640c31d,00000127--287e163dd2
ad9840558640c31d,0000012c--55348ac5c0
ad9840558640c31d,0000012d--f61ddcf5ed
ad9840558640c31d,0000012f--6f65625c1d
ad9840558640c31d,00000134--451446866f
ad9840558640c31d,00000134--e977aeeaa9
ad9840558640c31d,00000136--e9526c0230
ad9840558640c31d,00000137--9905327aea
ad9840558640c31d,00000138--0f58a94c05
ad9840558640c31d,0000013b--979b0fc47f
ad9840558640c31d,0000013f--99ec0fb998
ad9840558640c31d,00000142--8fff1c3c40
ad9840558640c31d,0000014c--da39d074e2
ad9840558640c31d,0000014d--aa34aac0f5
ad9840558640c31d,0000015d--d891d8e425
ad9840558640c31d,0000015e--6a08e1b2ee
ad9840558640c31d,00000169--4fceaf2f8e
ad9840558640c31d,00000188--6c845961aa
ad9840558640c31d,00000189--c01a37dbc4
ad9840558640c31d,0000018c--307cf1004e
ad9840558640c31d,0000018d--6b2fe7e303
ad9840558640c31d,0000018f--2b5276e18f
ad9840558640c31d,00000190--41d6f52539
ad9840558640c31d,00000193--6614857c49
ad9840558640c31d,00000194--2a66cc3bb5
ad9840558640c31d,00000195--03d04b0d1c
ad9840558640c31d,0000019d--75a094bb33
ad9840558640c31d,000001b7--be8826393e
ad9840558640c31d,000001ce--095dc79881
ad9840558640c31d,000001d1--3de144658b
ad9840558640c31d,000001d4--fbcf62b50e
ad9840558640c31d,000001d7--93bca4a366
ad9840558640c31d,000001dd--a87f5b042e
ad9840558640c31d,000001e3--597b055ad7
ad9840558640c31d,000001ef--b626e5b166
ad9840558640c31d,000001f2--026c4f6275
ad9840558640c31d,000001fa--c39b8d05ec
ad9840558640c31d,000001ff--ba9e874e19
ad9840558640c31d,00000200--86b695115a
ad9840558640c31d,00000204--5d81e1cb58
ad9840558640c31d,00000210--cc29df7fe8
ad9840558640c31d,00000216--b913e50749
ad9840558640c31d,0000021a--b14017ea6d
ad9840558640c31d,0000021f--0e0a413afb
ad9840558640c31d,0000022f--2ceceadb60
ad9840558640c31d,00000248--e8bc545037
ad9840558640c31d,0000025d--9115ce12fb
ad9840558640c31d,00000267--fa33b69bba
ad9840558640c31d,0000026f--18dd2c80fe
ad9840558640c31d,00000272--607b660739
ad9840558640c31d,00000296--6d1f0d40e1
ad9840558640c31d,0000029d--7b95471b85
ad9840558640c31d,000002a0--f5ead2b830
ad9840558640c31d,000002a1--7cee8cf51a
ad9840558640c31d,000002d2--a864b776c0
ad9840558640c31d,000002d8--49490e38c7
ad9840558640c31d,000002e7--3bd0148775
ad9840558640c31d,000002e8--fae3c71173
ad9840558640c31d,000002f2--7811aa10b6
ad9840558640c31d,000002f3--e8c960e231
ad9840558640c31d,000002f5--5c8be5d6ec
ad9840558640c31d,000002fd--978e5b289e
ad9840558640c31d,00000303--6431dd5156
ad9840558640c31d,00000313--4b1491cab5
ad9840558640c31d,00000316--1b32abe4ba
afa2ee97250fb1e4,00000000--3d600575ea
afa2ee97250fb1e4,00000075--d15fb26be1
b18d8435f1460528,00000284--48b15070a5
b26e6868ffe5ea08,0000000d--41948caea4
b26e6868ffe5ea08,00000010--66dd2b7e5d
b26e6868ffe5ea08,0000001d--08f31d7781
b26e6868ffe5ea08,00000124--6ca15a2c57
b26e6868ffe5ea08,00000132--9914ec209b
b26e6868ffe5ea08,00000134--69b114ff63
b26e6868ffe5ea08,00000135--aeed963f95
b26e6868ffe5ea08,00000143--76c5759763
b26e6868ffe5ea08,0000015f--17d6afc84f
b26e6868ffe5ea08,000001ad--135dbb7c48
b27d9eafeb61976e,2023-10-16--17-27-31
b27d9eafeb61976e,2023-10-16--17-48-49
b27d9eafeb61976e,2023-10-31--11-41-50
b27d9eafeb61976e,2023-11-12--14-08-57
b27d9eafeb61976e,2023-11-20--12-45-43
b27d9eafeb61976e,2024-03-08--18-44-53
b34096e3ddb0bf7f,00000002--9e46452cc8
b34096e3ddb0bf7f,00000003--b7cd85af24
b34096e3ddb0bf7f,00000005--4bdf683af7
b34096e3ddb0bf7f,00000007--34c11dd152
b34096e3ddb0bf7f,00000023--6f6d7527b4
b34096e3ddb0bf7f,0000002b--2cdd5d5c7c
b34096e3ddb0bf7f,0000003b--dd72aa0978
b34096e3ddb0bf7f,00000043--d4d3205faa
b34096e3ddb0bf7f,0000004c--66b22aaab0
b34096e3ddb0bf7f,00000064--f0eb8ddfbe
b34096e3ddb0bf7f,00000065--8b4b9a2081
b529d488112be455,00000004--6164a3c09a
b5f2b5b4ef23f4b6,0000005a--5668bed14c
b6397ca198466a6c,00000027--9eb3df7f67
b6397ca198466a6c,00000028--0392dc57e2
b81cc3ea44acd372,2023-05-25--16-04-25
b8b2d1a1df1b3aad,00000002--a45cd0a6e5
b919233ab6059e41,00000000--e7225a5bb4
bb6e396fece5d067,00000003--9695eb9a37
bb6e396fece5d067,00000015--a335c66f7d
bb6e396fece5d067,00000017--9bba85920c
bb6e396fece5d067,0000001f--ede354acc2
bb6e396fece5d067,0000002e--d8b5db2cb2
bb6e396fece5d067,00000037--af72faa58a
bb6e396fece5d067,00000045--6b66e867a2
bbbf82d987d681bc,00000026--8f7cee42f8
bc0db502f71a9b95,0000000c--59e4443c66
bc0db502f71a9b95,00000010--2a37e62529
bc0db502f71a9b95,00000014--6ee7348627
bc0db502f71a9b95,000000f7--27bd9ca6a6
bc0db502f71a9b95,0000012a--1b912c6d7e
bc0db502f71a9b95,0000022f--1c094e3fc5
bc40c72b728178f2,00000006--ee76ae8c42
bd37e43731e5964b,00000003--56b84190c8
bd37e43731e5964b,00000004--77cad3069d
bd37e43731e5964b,0000000a--53c64a2865
bd37e43731e5964b,2023-04-12--17-29-48
bd37e43731e5964b,2023-04-16--12-20-52
bd37e43731e5964b,2023-04-16--16-29-56
bd37e43731e5964b,2023-05-04--12-06-21
bd37e43731e5964b,2023-05-06--09-43-33
bd37e43731e5964b,2023-05-20--07-53-33
bd37e43731e5964b,2023-05-20--17-17-42
bd37e43731e5964b,2023-05-26--15-52-12
bd37e43731e5964b,2023-06-02--17-58-34
bd37e43731e5964b,2023-06-02--20-53-11
bd37e43731e5964b,2023-06-13--19-43-37
bd37e43731e5964b,2023-08-08--13-48-07
bd37e43731e5964b,2023-09-22--09-25-22
bd37e43731e5964b,2023-09-23--16-19-26
bd37e43731e5964b,2023-12-06--16-36-05
bd37e43731e5964b,2024-03-03--00-34-15
bd37e43731e5964b,2024-03-03--11-20-55
bd37e43731e5964b,2024-05-15--14-44-15
bd37e43731e5964b,2024-05-24--13-29-42
bd37e43731e5964b,2024-05-31--06-12-31
bdbbc283faf3afd4,00000004--a0c2873da9
bdbbc283faf3afd4,00000007--8a5b8fe536
bdbbc283faf3afd4,00000007--d6c9d7e83d
bdbbc283faf3afd4,00000008--addef60108
bdbbc283faf3afd4,00000008--d6ff77d2dc
bdbbc283faf3afd4,00000009--eb0ff9c58e
bdbbc283faf3afd4,0000000e--f2b4d66209
bdbbc283faf3afd4,00000010--2e73e19c0b
bdbbc283faf3afd4,00000010--80b2fb5faf
bdbbc283faf3afd4,00000011--be688b7b21
bdbbc283faf3afd4,00000012--fdfc748177
bdbbc283faf3afd4,00000013--f60138b116
bdbbc283faf3afd4,00000014--9f65ee99a4
bdbbc283faf3afd4,00000015--9aee1405b5
bdbbc283faf3afd4,00000015--ff294a1384
bdbbc283faf3afd4,00000016--577295bdfd
bdbbc283faf3afd4,00000017--6facade466
bdbbc283faf3afd4,00000018--8c507f74dc
bdbbc283faf3afd4,00000019--00d2c358b3
bdbbc283faf3afd4,0000001a--1511d37d6b
bdbbc283faf3afd4,00000020--cffd7a4188
bdbbc283faf3afd4,0000004a--c0617c047a
bdbbc283faf3afd4,0000004e--ea8472cc54
bdbbc283faf3afd4,00000076--411cbd5782
bdbbc283faf3afd4,0000007a--cd383e6d3f
bdbbc283faf3afd4,00000085--0a75a59a7a
bdbbc283faf3afd4,0000009b--7ee40414d9
bdda168c0c35fad7,00000000--2fe5bea082
bdda168c0c35fad7,00000000--5919427770
bdda168c0c35fad7,00000000--81ec649cdd
bdda168c0c35fad7,00000000--db9e0bdf25
bdda168c0c35fad7,00000000--fd8f0e57f7
bdda168c0c35fad7,00000001--2091941497
bdda168c0c35fad7,00000001--3f9b0884e1
bdda168c0c35fad7,00000001--5c5a36ec06
bdda168c0c35fad7,00000001--f75e203217
bdda168c0c35fad7,00000002--134ec69832
bdda168c0c35fad7,00000002--14f0376276
bdda168c0c35fad7,00000002--44bff87d65
bdda168c0c35fad7,00000002--c4d46cd599
bdda168c0c35fad7,00000003--2a609cc325
bdda168c0c35fad7,00000003--58023f7fc7
bdda168c0c35fad7,00000003--6a095240bc
bdda168c0c35fad7,00000003--975c373050
bdda168c0c35fad7,00000004--1d07fcd6fe
bdda168c0c35fad7,00000004--a29d6acb79
bdda168c0c35fad7,00000005--184cd913b0
bdda168c0c35fad7,00000005--a102371058
bdda168c0c35fad7,00000005--b8f6477b33
bdda168c0c35fad7,00000006--4a5567abae
bdda168c0c35fad7,00000006--ae7fb0a326
bdda168c0c35fad7,00000007--401669f3c9
bdda168c0c35fad7,00000007--65b92694f0
bdda168c0c35fad7,00000007--c30cdbca83
bdda168c0c35fad7,00000008--23c2f5644d
bdda168c0c35fad7,00000008--97c8519eff
bdda168c0c35fad7,00000008--b630783a71
bdda168c0c35fad7,00000008--d40cfb1414
bdda168c0c35fad7,00000009--6b0d83037a
bdda168c0c35fad7,00000009--f85ceed855
bdda168c0c35fad7,0000000a--978ab272e4
bdda168c0c35fad7,0000000a--a2571b0d79
bdda168c0c35fad7,0000000a--f808135dc3
bdda168c0c35fad7,0000000b--30d21ff2a3
bdda168c0c35fad7,0000000b--5c6864d9d8
bdda168c0c35fad7,0000000c--5e6e3c542a
bdda168c0c35fad7,0000000c--6850a4e6f7
bdda168c0c35fad7,0000000c--9644828d5b
bdda168c0c35fad7,0000000d--c528f1bc33
bdda168c0c35fad7,0000000d--dbeb77f4bc
bdda168c0c35fad7,0000000e--a5fe6c1124
bdda168c0c35fad7,00000010--d61313f027
bdda168c0c35fad7,00000013--9ecfd39af4
bdda168c0c35fad7,00000013--d7b4fa1f50
bdda168c0c35fad7,00000013--e18780cb96
bdda168c0c35fad7,00000014--6245ffc52e
bdda168c0c35fad7,00000014--77cc47a6fb
bdda168c0c35fad7,00000014--955dafa761
bdda168c0c35fad7,00000015--7b2ecc95df
bdda168c0c35fad7,00000015--9fb5f7164e
bdda168c0c35fad7,00000016--3d01e79be9
bdda168c0c35fad7,00000016--d1930de0ad
bdda168c0c35fad7,00000017--aae7ea6cee
bdda168c0c35fad7,00000017--c839bb620f
bdda168c0c35fad7,00000019--3977526114
bdda168c0c35fad7,00000019--b35c70df47
bdda168c0c35fad7,0000001a--d2bd27e332
bdda168c0c35fad7,0000001b--bc77805452
bdda168c0c35fad7,0000001c--52a8f90b9c
bdda168c0c35fad7,0000001e--6258ec9d70
bdda168c0c35fad7,0000001f--77f867adcd
bdda168c0c35fad7,00000020--b415323900
bdda168c0c35fad7,00000023--8c6a7435ee
bdda168c0c35fad7,00000028--126306962b
bdda168c0c35fad7,00000029--d837b48e83
bdda168c0c35fad7,0000002b--c5ffefaf86
bdda168c0c35fad7,0000002e--a5c353ed2f
bdda168c0c35fad7,00000038--7079d5b316
bdda168c0c35fad7,00000039--237c5c7a02
bdda168c0c35fad7,0000003a--68d69ffd59
bdda168c0c35fad7,0000003d--09f4003717
bdda168c0c35fad7,0000003e--a06b416556
bdda168c0c35fad7,0000003e--b9aaff0805
bdda168c0c35fad7,0000003f--159a2b8fe9
bdda168c0c35fad7,00000040--5febc7935a
bdda168c0c35fad7,00000040--a5347a5290
bdda168c0c35fad7,00000041--bcf41466b3
bdda168c0c35fad7,00000042--752543fcb6
bdda168c0c35fad7,00000042--7f7661b869
bdda168c0c35fad7,00000043--d3fc5b03c2
bdda168c0c35fad7,00000044--4be26de68a
bdda168c0c35fad7,00000046--8472288023
bdda168c0c35fad7,00000046--c370ebecd7
bdda168c0c35fad7,00000047--1717445d55
bdda168c0c35fad7,00000047--ed354227f5
bdda168c0c35fad7,00000048--9479260ce2
bdda168c0c35fad7,00000049--e0d5769c1a
bdda168c0c35fad7,0000004a--dfb4b96ee7
bdda168c0c35fad7,0000004a--e1a7f513ef
bdda168c0c35fad7,0000004b--cda5ffbd78
bdda168c0c35fad7,0000004c--d2e33e0efe
bdda168c0c35fad7,0000004d--12d4d299df
bdda168c0c35fad7,0000004d--38996c0cfe
bdda168c0c35fad7,0000004d--c748755373
bdda168c0c35fad7,0000004e--d0f06c6f7c
bdda168c0c35fad7,0000004e--eb8f9490f8
bdda168c0c35fad7,00000050--c015412383
bdda168c0c35fad7,00000051--624a0baac5
bdda168c0c35fad7,00000051--81c6c624d6
bdda168c0c35fad7,00000052--21ccc3f7c2
bdda168c0c35fad7,00000053--67a4a8f3f1
bdda168c0c35fad7,00000053--730f968344
bdda168c0c35fad7,00000054--efc1900c0b
bdda168c0c35fad7,00000054--fb5f83e9c1
bdda168c0c35fad7,00000056--7ee4a91235
bdda168c0c35fad7,00000057--9c8dfaba89
bdda168c0c35fad7,00000062--65f31fb334
bdda168c0c35fad7,00000069--5c1d2ca852
bdda168c0c35fad7,2024-05-22--21-14-46
bdda168c0c35fad7,2024-05-23--09-37-29
bdda168c0c35fad7,2024-05-23--10-11-45
bdda168c0c35fad7,2024-05-23--19-09-22
bdda168c0c35fad7,2024-05-24--11-36-51
bdda168c0c35fad7,2024-05-24--17-36-17
bdda168c0c35fad7,2024-05-25--10-09-53
bdda168c0c35fad7,2024-05-25--11-07-20
bdda168c0c35fad7,2024-05-25--11-26-34
bdda168c0c35fad7,2024-05-25--11-55-25
bdda168c0c35fad7,2024-05-25--15-57-36
bdda168c0c35fad7,2024-05-31--17-15-18
bdda168c0c35fad7,2024-05-31--18-11-11
bdda168c0c35fad7,2024-05-31--19-35-29
bdda168c0c35fad7,2024-06-01--02-43-18
bdda168c0c35fad7,2024-06-01--11-37-00
bdda168c0c35fad7,2024-06-01--13-13-42
bdda168c0c35fad7,2024-06-01--14-46-54
bdda168c0c35fad7,2024-06-01--20-09-32
bdda168c0c35fad7,2024-06-01--20-24-24
bdda168c0c35fad7,2024-06-02--10-36-26
bdda168c0c35fad7,2024-06-02--11-00-27
bdda168c0c35fad7,2024-06-02--11-47-35
bdda168c0c35fad7,2024-06-02--12-28-40
bdda168c0c35fad7,2024-06-02--12-51-31
bdda168c0c35fad7,2024-06-02--13-01-13
bdda168c0c35fad7,2024-06-02--13-06-36
bdda168c0c35fad7,2024-06-02--13-54-57
bdda168c0c35fad7,2024-06-02--14-36-00
bdda168c0c35fad7,2024-06-05--12-59-54
bdda168c0c35fad7,2024-06-05--14-28-43
bdda168c0c35fad7,2024-06-05--16-17-00
bdda168c0c35fad7,2024-06-06--10-40-31
bdda168c0c35fad7,2024-06-06--12-34-41
bdda168c0c35fad7,2024-06-06--14-17-51
bdda168c0c35fad7,2024-06-06--17-40-12
bdda168c0c35fad7,2024-06-07--13-35-40
bdda168c0c35fad7,2024-06-07--15-47-07
bdda168c0c35fad7,2024-06-09--11-57-58
bdda168c0c35fad7,2024-06-09--13-51-14
bdda168c0c35fad7,2024-06-09--15-02-53
bdda168c0c35fad7,2024-06-09--15-52-33
bdda168c0c35fad7,2024-06-09--16-38-57
bdda168c0c35fad7,2024-06-10--10-28-05
bdda168c0c35fad7,2024-06-10--11-20-41
bdda168c0c35fad7,2024-07-06--16-42-02
bdda168c0c35fad7,2024-07-06--17-23-43
bdda168c0c35fad7,2024-07-06--17-47-18
bdda168c0c35fad7,2024-07-06--17-51-27
bdda168c0c35fad7,2024-07-06--18-07-43
bdda168c0c35fad7,2024-07-06--18-38-53
bdda168c0c35fad7,2024-07-06--18-53-36
bdda168c0c35fad7,rlog folders
bdda168c0c35fad7,rlogs
bec8599eef13a657,00000000--5525aa893c
bec8599eef13a657,00000000--a8b024b0c0
bec8599eef13a657,00000004--f485545934
bec8599eef13a657,0000001b--66fa81d668
c0fe59cc1ebbd1b3,00000000--3f84c78606
c0fe59cc1ebbd1b3,00000000--75ba70274a
c0fe59cc1ebbd1b3,00000004--e3cb915d20
c0fe59cc1ebbd1b3,00000005--cf15dccc0b
c0fe59cc1ebbd1b3,00000007--9da652237c
c0fe59cc1ebbd1b3,00000012--dd481eeb1b
c0fe59cc1ebbd1b3,00000013--fd10c098a3
c0fe59cc1ebbd1b3,0000002a--a3239cc981
c0fe59cc1ebbd1b3,00000031--90ba8520b9
c0fe59cc1ebbd1b3,00000053--79baf5c9ea
c0fe59cc1ebbd1b3,00000054--8b5fd95431
c0fe59cc1ebbd1b3,0000005f--c7f1a4f498
c0fe59cc1ebbd1b3,0000006b--72123579fa
c0fe59cc1ebbd1b3,00000070--82980c9b38
c0fe59cc1ebbd1b3,00000075--dff253b917
c0fe59cc1ebbd1b3,00000076--aa9bd79110
c0fe59cc1ebbd1b3,0000007b--e5cc7c2b14
c11fcb510a549332,2022-08-13--10-34-36
c11fcb510a549332,2022-08-20--16-46-39
c11fcb510a549332,2022-09-09--12-03-19
c11fcb510a549332,2022-09-14--08-40-52
c11fcb510a549332,2022-10-15--09-59-16
c11fcb510a549332,2023-07-15--18-16-13
c11fcb510a549332,2023-07-15--18-28-15
c11fcb510a549332,2023-07-15--18-54-22
c11fcb510a549332,2023-07-15--19-39-52
c11fcb510a549332,2025-10-28--17-27-33
c2f528d49fe19d53,000000dd--b58aed4fd0
c2fd040a5e34f3ad,00000013--9211a52a3d
c2fd040a5e34f3ad,2023-11-29--01-48-45
c2fd040a5e34f3ad,2024-01-18--11-25-36
c2fd040a5e34f3ad,2024-02-10--10-52-06
c2fd040a5e34f3ad,2024-02-10--11-03-45
c2fd040a5e34f3ad,2024-02-21--17-55-25
c2fd040a5e34f3ad,2024-02-21--18-23-24
c40a31d76bded265,00000033--55deb40eba
c40a31d76bded265,00000063--7672d386e8
c40a31d76bded265,00000091--266d75645c
c4725ef6c5755a72,000001cd--e3ff5e1d28
c4725ef6c5755a72,2023-09-27--08-39-52
c4725ef6c5755a72,2023-09-30--12-41-35
c5bd787525f12155,00000441--adcf4b3372
c5bd787525f12155,0000044c--76178a8c7b
c5e3aa51055c8f47,2023-12-06--20-01-44
c5e3aa51055c8f47,2023-12-28--10-44-24
c5e3aa51055c8f47,2023-12-28--13-47-54
c5e3aa51055c8f47,2024-02-23--14-39-37
c76abb593737bbbc,00000000--46c56eeda2
c8a98e58647765ad,00000002--84e4746136
cb6aec3054a67f94,00000020--332793259c
cb6aec3054a67f94,0000019c--a4263b0090
cb6aec3054a67f94,000001a2--3e4aa9cb73
cb6aec3054a67f94,00000224--fd205d602f
cb6aec3054a67f94,00000235--8472cdcd2e
cb6aec3054a67f94,0000023d--b15c571263
cb7fffc2d4d66307,00000006--3b51a88b39
cb7fffc2d4d66307,0000000c--c1855a0003
cb7fffc2d4d66307,00000011--dcee0c89a5
cb7fffc2d4d66307,0000001b--c16ba98339
cbe6b8d508d0833b,000000b7--c5aa4fd407
cc7c8c846c338570,00000004--b37411930a
cccd2a47545a6e09,00000006--595bde4e4d
ce9f52a429a125e5,00000004--d1ab5daa4c
ce9f52a429a125e5,00000006--b383ed51e2
ce9f52a429a125e5,0000000e--c358c189d7
ce9f52a429a125e5,0000000f--07877e82d4
ce9f52a429a125e5,00000017--8b8e3b6e83
cf93b50f6f132cb0,000000dc--50ea2ba974
cf93b50f6f132cb0,00000142--c5046e2616
cf93b50f6f132cb0,00000195--d856ec73a9
cf93b50f6f132cb0,00000197--dda4a32df2
cf93b50f6f132cb0,00000199--0bca894df0
d07767d0cdc02329,00000008--41a2926be3
d07767d0cdc02329,0000000a--2e94124e87
d07767d0cdc02329,0000000c--f07e6346e5
d07767d0cdc02329,00000015--ce1c8b8777
d07eb85a1260e543,00000000--8c7e6d4947
d07eb85a1260e543,00000004--8680d37ea7
d07eb85a1260e543,00000005--c621a8e691
d07eb85a1260e543,00000006--52de758c1d
d07eb85a1260e543,00000008--e9d80798a1
d07eb85a1260e543,00000009--af1c113a09
d11412160399d7df,00000105--a28675ff7e
d11412160399d7df,00000107--dc151352b1
d11412160399d7df,00000109--14b3ba7952
d11412160399d7df,0000026c--56538376c4
d28217a80719e831,00000014--3bb271b6dc
d28217a80719e831,2024-06-03--09-23-05
d3cff3c1d3af097b,00000006--0df6ded53a
d3cff3c1d3af097b,00000010--a1c916dcd7
d4b76dbf40b19b73,0000009b--89f35a99af
d545129f3ca90f28,2022-12-15--11-51-10
d5a6fb2f1b849a62,00000007--9d21e47ec9
d5a6fb2f1b849a62,0000000a--826a8a41d6
d7233a428eb7d0b5,00000001--9b99b04d43
d7233a428eb7d0b5,00000008--e20ea47a49
d7233a428eb7d0b5,0000000c--764b3ff732
d7233a428eb7d0b5,0000001a--766bbc6ea9
d7233a428eb7d0b5,0000002f--5f8fb17c38
d7233a428eb7d0b5,0000004d--438ad8870f
d84364367e99e061,2023-05-03--05-43-14
d84364367e99e061,2023-05-04--05-33-01
d84364367e99e061,2023-05-05--15-38-19
d88fe5d919f6ec47,00000000--cd0ad861dd
d88fe5d919f6ec47,00000001--af206016dd
d88fe5d919f6ec47,00000002--555c061698
d88fe5d919f6ec47,00000002--debcce65db
d88fe5d919f6ec47,00000003--e684ee9f24
d88fe5d919f6ec47,00000004--af21f35e5e
d88fe5d919f6ec47,00000009--52a6131588
d88fe5d919f6ec47,00000009--a14f0b96f7
d88fe5d919f6ec47,0000000e--c2b723ff46
d88fe5d919f6ec47,00000010--58bad2de84
d88fe5d919f6ec47,00000013--c384125658
d8a54b2cfb3f813f,00000002--1f9e82d7d2
d8a54b2cfb3f813f,00000079--e55d36f37f
d9b97c1d3b8c39b2,0000001c--a725062eae
db792d9f5ca5ef59,00000038--e814e0cfbf
db792d9f5ca5ef59,00000060--1fee9b4ab6
db792d9f5ca5ef59,00000194--4b07954452
dbe1963aefdd97fe,000001c0--e0347942db
dc7716b32bf25574,00000001--f9eb0f2a17
dc7716b32bf25574,00000002--e0ac3d0ea6
dc7716b32bf25574,00000003--5ae30ac645
dc7716b32bf25574,00000004--b140f4714a
dc7716b32bf25574,00000004--ffe57628da
dc7716b32bf25574,00000005--43e2aa9867
dc7716b32bf25574,00000005--a302af6e1a
dc7716b32bf25574,00000009--a7db12be52
dc7716b32bf25574,0000000c--8035d69751
dc7716b32bf25574,00000011--858b557bc6
dc7716b32bf25574,00000016--a9ec955169
dc7716b32bf25574,00000026--9b0995c64b
dc7716b32bf25574,00000027--1a41809c98
dc7716b32bf25574,00000030--b164987d30
dc7716b32bf25574,00000040--29253a6def
dc7716b32bf25574,0000004c--52e1295134
dc7716b32bf25574,0000004c--5d200ea7c3
dc7716b32bf25574,00000057--4a8b953b29
dc7716b32bf25574,00000058--986050004c
dc7716b32bf25574,0000005b--f51a302d09
dc7716b32bf25574,0000005c--f25f9fa868
dc7716b32bf25574,00000065--d7352186ea
dc7716b32bf25574,00000068--88db216abb
dc7716b32bf25574,0000006c--f420f7aa12
dc7716b32bf25574,0000006d--39b50d27c1
dc7716b32bf25574,0000006e--f5ad0395b5
dc7716b32bf25574,2024-02-03--00-17-20
dc7716b32bf25574,2024-02-18--21-47-54
dc7716b32bf25574,2024-02-20--18-20-07
dc7716b32bf25574,2024-03-07--19-37-10
dc7716b32bf25574,2024-03-12--19-11-16
dc7716b32bf25574,2024-06-01--09-05-42
dc7716b32bf25574,2024-12-09--08-05-17
dc7bf18c8af12e37,00000006--ea06255cd0
dc7bf18c8af12e37,00000027--81f4bb0538
de59124955b921d8,2023-12-09--16-25-08
de59124955b921d8,2023-12-12--17-33-28
df54ba658aedc57c,00000000--1e07323203
df54ba658aedc57c,2023-09-08--21-31-53
df54ba658aedc57c,2023-09-08--22-55-51
df54ba658aedc57c,2023-09-11--18-18-16
df54ba658aedc57c,2024-03-21--04-17-37
e12eb71c201af95a,00000028--85c8d33a19
e12eb71c201af95a,00000037--e1c63c8276
e12eb71c201af95a,00000038--55dd3ae624
e12eb71c201af95a,2023-03-24--13-56-39
e12eb71c201af95a,2023-03-31--12-03-20
e12eb71c201af95a,2023-04-01--01-02-02
e12eb71c201af95a,2023-05-07--21-35-25
e12eb71c201af95a,2023-05-19--00-13-07
e12eb71c201af95a,2023-05-19--16-09-09
e1b1dff56830ba66,00000008--a1134e8528
e237aa42043c6e14,00000000--fda7deefa6
e237aa42043c6e14,00000001--5f5abb75a7
e237aa42043c6e14,00000001--63caa33728
e237aa42043c6e14,00000001--9949c53e7d
e237aa42043c6e14,00000002--a3c3109c70
e237aa42043c6e14,00000003--765474a2c5
e237aa42043c6e14,00000004--06bf4d35e2
e237aa42043c6e14,00000005--e8af891ea4
e237aa42043c6e14,00000006--4ebcaa1a05
e237aa42043c6e14,00000007--5d2b7bf843
e237aa42043c6e14,00000007--d48989ac88
e237aa42043c6e14,00000008--1f37646aae
e237aa42043c6e14,0000000a--a35e23e36a
e237aa42043c6e14,0000000b--197276208c
e237aa42043c6e14,0000000c--7d7cf475f4
e237aa42043c6e14,0000000d--90390ecba6
e237aa42043c6e14,00000011--0ec61ece4a
e237aa42043c6e14,00000014--bab01a17ac
e237aa42043c6e14,00000016--86d374208d
e237aa42043c6e14,00000017--23e7f21e74
e237aa42043c6e14,0000001b--4ce789fb2e
e237aa42043c6e14,0000001d--74da3e3d45
e237aa42043c6e14,00000021--1a5e117a2f
e237aa42043c6e14,0000003f--6151d30bc5
e237aa42043c6e14,0000006b--123e0c9d4c
e237aa42043c6e14,00000291--26c07bd563
e36b272d5679115f,0000000c--1640caf9fd
e36b272d5679115f,000000bb--41f562d6c4
e36b272d5679115f,00000369--a3e8499a85
e36b272d5679115f,00000476--442fdcaba9
e36b272d5679115f,00000477--46bd01ebcd
e3a0c1d2ac034212,00000038--6dbbfc0632
e548ddc194075bfb,2024-01-31--16-12-06
e548ddc194075bfb,2024-02-02--09-40-59
e548ddc194075bfb,2024-03-13--07-49-23
e548ddc194075bfb,2024-03-13--08-33-53
e548ddc194075bfb,2024-03-13--08-54-49
e548ddc194075bfb,2024-04-14--19-21-51
e746f59bc96fd789,0000004b--d4d01cb698
e746f59bc96fd789,2024-01-13--20-07-34
e746f59bc96fd789,2024-01-15--15-01-39
e746f59bc96fd789,2024-01-31--16-04-34
e746f59bc96fd789,2024-01-31--21-50-51
e746f59bc96fd789,2024-01-31--22-11-28
e746f59bc96fd789,2024-01-31--22-25-58
e7ffa655fc72f0f5,00000043--fffa6fe60b
e8dac44d3a3458a5,00000002--d1a85eec5b
e8dac44d3a3458a5,00000018--ee079c87ac
e8dac44d3a3458a5,0000006f--ac2e164906
e8dac44d3a3458a5,00000073--2640eb030a
e8dac44d3a3458a5,0000008e--604031d3cd
e8dac44d3a3458a5,000000d2--6ea42c9fcd
e99064ba80a1dc40,00000000--38d800a539
e99064ba80a1dc40,00000001--a89c01b676
e99064ba80a1dc40,00000004--5dc47e7b97
e99064ba80a1dc40,00000005--3bfaae8802
e99064ba80a1dc40,00000029--f6f828756e
e99064ba80a1dc40,00000032--9a45a37abc
e99064ba80a1dc40,00000049--297562e79c
e99064ba80a1dc40,00000071--1624ed070f
e99064ba80a1dc40,000000a4--2b5c3c2e85
e99064ba80a1dc40,000000cd--45408f259d
e99064ba80a1dc40,000000ed--fb6b7a458f
e99064ba80a1dc40,0000010a--df701a0f6b
e99064ba80a1dc40,0000010c--62c8068705
e99064ba80a1dc40,0000037f--e8be7f917d
e99064ba80a1dc40,000003ba--6eb9fbcd6a
e9b1885ec511d838,2024-02-23--20-55-33
ea0a128345f8bc84,0000000c--d07a972b4f
ea53462ef36d4315,2023-05-26--18-04-20
eb4ea4c8dc99c8bb,2022-12-01--13-23-58
eb4eae1476647463,2023-08-20--09-31-53
eb4eae1476647463,2023-08-21--18-49-10
eb4eae1476647463,2023-08-22--10-02-00
eb4eae1476647463,2023-08-22--18-27-38
eb4eae1476647463,2023-08-23--10-24-20
eb4eae1476647463,2023-08-26--18-07-04
eb4eae1476647463,2023-08-30--18-07-39
ee44ae76e783280f,2022-10-27--15-46-56
ee44ae76e783280f,2022-11-03--15-58-25
ee44ae76e783280f,2022-11-05--13-20-27
ee526f711ff50e03,000000aa--5b427544e2
ee526f711ff50e03,000000ab--ac6fc515ef
ee526f711ff50e03,000000b5--3ee75fbccf
ee526f711ff50e03,000000b7--060e027828
ee526f711ff50e03,000000b8--015e9b572a
ee69d19672bd8ddb,00000008--4a3802e703
ee69d19672bd8ddb,0000000a--013a1d1864
efdbc6387ff987b1,0000000b--3dc6e135e6
efdbc6387ff987b1,0000010b--646762abe6
f1055ddb93ff2d3b,2022-02-27--12-23-08
f1aabec98068b718,2023-05-27--12-58-23
f1ee7cff62fbd080,00000001--98f0b334eb
f2811c615202e9c8,0000003b--afaab89a72
f284f22298d498cc,000003d2--d868ca24bb
f284f22298d498cc,000003d3--c505dbd3e0
f2a06f696f9517b3,2023-06-28--14-46-28
f2a06f696f9517b3,2023-07-01--12-13-26
f2a06f696f9517b3,2023-07-08--00-44-09
f2a06f696f9517b3,2023-07-08--00-56-41
f37663679a6919b2,2024-01-11--18-40-11
f71052cdd4876ef5,2023-04-27--19-16-52
f90d3cd06caeb6fa,2023-03-23--20-57-19
f90d3cd06caeb6fa,2023-09-06--17-15-47
f90d3cd06caeb6fa,2023-12-12--10-18-20
f90d3cd06caeb6fa,2023-12-13--07-47-45
f90d3cd06caeb6fa,2023-12-13--11-50-41
f90d3cd06caeb6fa,2023-12-13--13-21-45
f90d3cd06caeb6fa,2023-12-14--12-12-06
f9c43864cf057d05,00000001--9f9d03f076
f9c43864cf057d05,00000004--3ed7773526
fa7f5d6f3ceed151,00000003--f36dc32316
fa7f5d6f3ceed151,00000005--7f51119855
fa7f5d6f3ceed151,0000000e--1177ece615
fb05364d0d43b4bf,000000a9--47b1403f6b
fb05364d0d43b4bf,2024-04-26--14-09-58
fc76cf2b65550db6,0000000a--1238a63876
fc76cf2b65550db6,00000015--7d99769dca
fc76cf2b65550db6,00000027--3c8762d425
fc76cf2b65550db6,0000002f--f1d88fbdf9
fc76cf2b65550db6,00000032--f2af9d4bc0
fc76cf2b65550db6,0000006c--a22bb80c53
fc76cf2b65550db6,00000077--ce7c0b8e2b
fc76cf2b65550db6,0000007b--da97aa1778
fc76cf2b65550db6,0000007e--4cb74b0cc2
fc76cf2b65550db6,0000007f--2d118f1b88
fc76cf2b65550db6,00000084--2c37e2014b
fc76cf2b65550db6,000000a4--543c4648b7
fde53c3c109fb4c0,00000182--5692d28203
fde53c3c109fb4c0,000001cb--17b51c5c2e
fe80a4e1cedec853,2022-10-20--21-12-41
fe80a4e1cedec853,2022-10-21--15-56-19
fe80a4e1cedec853,2022-10-22--01-29-37
fe80a4e1cedec853,2022-10-23--18-16-13
fe80a4e1cedec853,2022-10-23--18-21-31
fe80a4e1cedec853,2022-11-07--09-07-55
fe80a4e1cedec853,2022-11-11--18-15-52
fe80a4e1cedec853,2023-01-04--18-37-34
fe80a4e1cedec853,2023-02-14--20-28-50
fe80a4e1cedec853,2023-03-01--18-08-37
fe80a4e1cedec853,2023-08-05--17-47-13
fe80a4e1cedec853,2023-08-07--18-20-15
fec8108a642beffd,2023-05-24--07-25-38
fecd90b5732f4003,00000006--cbb05893d4
ff07367edd52b0d0,2023-06-30--14-07-04
ff07367edd52b0d0,2023-06-30--16-04-42
ff07367edd52b0d0,2023-06-30--18-46-06
ff07367edd52b0d0,2023-09-27--19-32-18
ff07367edd52b0d0,2023-09-27--21-33-59
ff9dba54b42b3afa,00000001--0a1c864e8d
ff9dba54b42b3afa,00000001--647fdbb922
ff9dba54b42b3afa,00000006--e5fa4a7d86
ff9dba54b42b3afa,0000000b--9a0bd73ac9
ff9dba54b42b3afa,00000015--b9cde5c9aa
ff9dba54b42b3afa,00000017--585860dcdf
ff9dba54b42b3afa,00000018--310e570ce5
ff9dba54b42b3afa,00000019--193ae2c849
ff9dba54b42b3afa,0000001e--d6c859ce2a
ff9dba54b42b3afa,00000021--f45a01b58d
ff9dba54b42b3afa,00000050--58008bc589
ff9dba54b42b3afa,00000070--1947ab832e
ff9dba54b42b3afa,0000007a--585f6916a1
ff9dba54b42b3afa,0000007b--2fa249065e
ffcd23abbbd02219,000000b4--0af176e674
ffcd23abbbd02219,2024-02-28--14-59-38
